Sales Person,Country,Product,Date,Amount,Boxes Shipped
Jehu Rudeforth,UK,Mint Chip Choco,2022/04/01,5320.00,180
Van Tuxwell,India,85% Dark Bars,2022/01/08,7896.00,94
Gigi Bohling,India,Peanut Butter Cubes,2022/07/07,4501.00,91
Van Tuxwell,India,Smooth Sliky Salty,2022/06/06,5376.00,38
Brien Boise,Australia,99% Dark & Pure,2022/04/07,2835.00,102
Barr Faughny,USA,Orange Choco,2022/10/03,3703.00,11
Marney O'Breen,New Zealand,Peanut Butter Cubes,2022/03/08,8379.00,173
Roddy Speechley,USA,Smooth Sliky Salty,2022/05/04,3017.00,140
Curtice Advani,UK,85% Dark Bars,2022/08/06,1085.00,172
Roddy Speechley,Canada,Spicy Special Slims,2022/09/02,1652.00,186
Husein Augar,USA,Eclairs,2022/07/07,4025.00,112
Dennison Crosswaite,New Zealand,White Choc,2022/05/07,9492.00,151
Wilone O'Kielt,Australia,Manuka Honey Choco,2022/11/05,4284.00,94
Andria Kimpton,Canada,After Nines,2022/11/05,2163.00,70
Kelci Walkden,New Zealand,After Nines,2022/07/07,147.00,72
Karlen McCaffrey,India,Manuka Honey Choco,2022/04/07,2443.00,581
Kelci Walkden,USA,After Nines,2022/02/06,938.00,16
Mallorie Waber,Canada,Choco Coated Almonds,2022/11/07,4781.00,241
Roddy Speechley,India,Eclairs,2022/10/06,4382.00,303
Curtice Advani,India,Fruit & Nut Bars,2022/07/07,5243.00,176
Brien Boise,Australia,Fruit & Nut Bars,2022/06/06,8575.00,23
Andria Kimpton,Australia,50% Dark Bites,2022/02/06,4438.00,227
Karlen McCaffrey,India,Almond Choco,2022/06/07,6090.00,149
Van Tuxwell,Australia,Organic Choco Syrup,2022/10/08,19453.00,14
Camilla Castle,India,50% Dark Bites,2022/04/07,9275.00,411
Oby Sorrel,India,Organic Choco Syrup,2022/08/07,6181.00,56
Gigi Bohling,USA,Choco Coated Almonds,2022/02/03,12313.00,103
Gigi Bohling,UK,Almond Choco,2022/10/01,5642.00,9
Jehu Rudeforth,New Zealand,White Choc,2022/11/03,2800.00,241
Camilla Castle,USA,Spicy Special Slims,2022/11/02,1274.00,244
Brien Boise,New Zealand,Mint Chip Choco,2022/01/08,63.00,181
Roddy Speechley,Canada,Organic Choco Syrup,2022/10/01,4032.00,82
Dennison Crosswaite,Australia,70% Dark Bites,2022/07/02,5859.00,108
Karlen McCaffrey,USA,Orange Choco,2022/12/05,11095.00,401
Madelene Upcott,Australia,Spicy Special Slims,2022/07/03,7182.00,408
Dennison Crosswaite,Australia,85% Dark Bars,2022/05/04,6881.00,420
Andria Kimpton,Canada,Caramel Stuffed Bars,2022/03/01,7154.00,348
Madelene Upcott,India,Raspberry Choco,2022/07/07,4221.00,9
Wilone O'Kielt,Australia,Organic Choco Syrup,2022/07/07,1743.00,111
Roddy Speechley,New Zealand,Orange Choco,2022/01/04,49.00,97
Husein Augar,USA,After Nines,2022/08/04,11571.00,180
Brien Boise,Canada,Spicy Special Slims,2022/04/03,8106.00,101
Karlen McCaffrey,New Zealand,70% Dark Bites,2022/02/08,126.00,40
Kelci Walkden,India,Orange Choco,2022/07/06,9408.00,138
Jan Morforth,India,Spicy Special Slims,2022/12/04,1939.00,520
Ches Bonnell,India,Spicy Special Slims,2022/06/07,10906.00,94
Madelene Upcott,Australia,Fruit & Nut Bars,2022/05/01,5579.00,92
Wilone O'Kielt,Australia,Drinking Coco,2022/06/04,623.00,283
Jan Morforth,India,Almond Choco,2022/11/03,4466.00,22
Marney O'Breen,New Zealand,After Nines,2022/09/03,1561.00,44
Kaine Padly,Australia,Manuka Honey Choco,2022/12/01,2765.00,264
Oby Sorrel,Canada,99% Dark & Pure,2022/01/08,3605.00,403
Roddy Speechley,India,Smooth Sliky Salty,2022/10/08,5103.00,140
Jan Morforth,India,Eclairs,2022/05/01,2541.00,27
Ches Bonnell,UK,Smooth Sliky Salty,2022/11/07,5663.00,110
Gigi Bohling,New Zealand,Fruit & Nut Bars,2022/04/04,10976.00,121
Barr Faughny,USA,Raspberry Choco,2022/12/04,9282.00,101
Wilone O'Kielt,New Zealand,85% Dark Bars,2022/02/08,1827.00,117
Ches Bonnell,Australia,Eclairs,2022/05/07,4116.00,128
Rafaelita Blaksland,New Zealand,Choco Coated Almonds,2022/07/06,2093.00,45
Brien Boise,Australia,Baker's Choco Chips,2022/04/01,12516.00,212
Oby Sorrel,India,Smooth Sliky Salty,2022/07/02,10101.00,108
Curtice Advani,Australia,Orange Choco,2022/12/07,854.00,136
Jehu Rudeforth,Canada,Smooth Sliky Salty,2022/11/07,5460.00,138
Andria Kimpton,USA,85% Dark Bars,2022/05/04,8911.00,82
Roddy Speechley,India,Peanut Butter Cubes,2022/11/02,10283.00,21
Roddy Speechley,New Zealand,Milk Bars,2022/02/03,5446.00,116
Ches Bonnell,Australia,White Choc,2022/02/03,1043.00,202
Kelci Walkden,India,After Nines,2022/07/01,1687.00,520
Brien Boise,UK,White Choc,2022/12/04,5299.00,167
Karlen McCaffrey,UK,Baker's Choco Chips,2022/07/02,4753.00,389
Marney O'Breen,India,Peanut Butter Cubes,2022/10/01,6489.00,146
Barr Faughny,Australia,White Choc,2022/04/07,8113.00,370
Kaine Padly,Canada,Peanut Butter Cubes,2022/04/07,3269.00,176
Dotty Strutley,USA,Manuka Honey Choco,2022/10/08,273.00,210
Dennison Crosswaite,Australia,50% Dark Bites,2022/01/04,7287.00,12
Camilla Castle,UK,White Choc,2022/03/01,9982.00,187
Dotty Strutley,UK,99% Dark & Pure,2022/03/01,9310.00,282
Husein Augar,UK,Choco Coated Almonds,2022/02/03,4333.00,43
Barr Faughny,Canada,Peanut Butter Cubes,2022/07/06,2100.00,78
Kaine Padly,USA,70% Dark Bites,2022/12/05,4018.00,100
Dennison Crosswaite,UK,White Choc,2022/03/08,7238.00,265
Rafaelita Blaksland,India,Spicy Special Slims,2022/04/01,8064.00,134
Karlen McCaffrey,Australia,White Choc,2022/05/01,7357.00,48
Gigi Bohling,USA,99% Dark & Pure,2022/02/06,784.00,249
Beverie Moffet,New Zealand,Baker's Choco Chips,2022/03/08,1372.00,144
Jan Morforth,Australia,Orange Choco,2022/04/07,3199.00,122
Jehu Rudeforth,India,50% Dark Bites,2022/05/07,3472.00,135
Ches Bonnell,Australia,70% Dark Bites,2022/12/01,3136.00,125
Marney O'Breen,UK,Baker's Choco Chips,2022/10/06,252.00,154
Husein Augar,USA,Milk Bars,2022/02/03,854.00,56
Dotty Strutley,Australia,50% Dark Bites,2022/12/05,3108.00,252
Mallorie Waber,New Zealand,Organic Choco Syrup,2022/01/07,5075.00,256
Husein Augar,USA,85% Dark Bars,2022/08/08,378.00,54
Curtice Advani,India,70% Dark Bites,2022/05/07,2282.00,44
Mallorie Waber,USA,Manuka Honey Choco,2022/04/07,5425.00,96
Kaine Padly,New Zealand,Spicy Special Slims,2022/01/07,7728.00,37
Beverie Moffet,UK,Smooth Sliky Salty,2022/04/05,4403.00,76
Beverie Moffet,Australia,Baker's Choco Chips,2022/04/08,3192.00,109
Beverie Moffet,India,70% Dark Bites,2022/01/06,448.00,146
Kaine Padly,USA,50% Dark Bites,2022/03/08,70.00,27
Ches Bonnell,USA,Orange Choco,2022/10/06,1743.00,69
Marney O'Breen,Australia,Smooth Sliky Salty,2022/03/01,3745.00,170
Marney O'Breen,India,After Nines,2022/11/07,2639.00,179
Ches Bonnell,India,Organic Choco Syrup,2022/08/03,16569.00,99
Mallorie Waber,Australia,Orange Choco,2022/07/03,14658.00,275
Husein Augar,India,70% Dark Bites,2022/09/05,6454.00,157
Ches Bonnell,USA,70% Dark Bites,2022/11/05,4571.00,122
Dennison Crosswaite,New Zealand,Mint Chip Choco,2022/05/04,6454.00,417
Barr Faughny,UK,White Choc,2022/05/07,1652.00,72
Beverie Moffet,Canada,Baker's Choco Chips,2022/11/01,13447.00,95
Kelci Walkden,USA,White Choc,2022/07/03,9422.00,22
Kaine Padly,Canada,50% Dark Bites,2022/04/03,8687.00,100
Kaine Padly,UK,Peanut Butter Cubes,2022/11/05,6272.00,86
Ches Bonnell,India,Smooth Sliky Salty,2022/03/08,8043.00,18
Dennison Crosswaite,UK,Peanut Butter Cubes,2022/07/02,8925.00,158
Karlen McCaffrey,Australia,Almond Choco,2022/08/07,7294.00,128
Ches Bonnell,UK,Mint Chip Choco,2022/08/04,2688.00,209
Jan Morforth,India,Fruit & Nut Bars,2022/04/05,2912.00,55
Mallorie Waber,USA,85% Dark Bars,2022/11/05,2632.00,108
Dennison Crosswaite,Canada,Spicy Special Slims,2022/10/08,2527.00,216
Dennison Crosswaite,USA,Fruit & Nut Bars,2022/04/05,1414.00,318
Dotty Strutley,Canada,Raspberry Choco,2022/03/08,4347.00,238
Madelene Upcott,Australia,Choco Coated Almonds,2022/08/04,2058.00,72
Kelci Walkden,UK,Orange Choco,2022/01/08,3640.00,3
Ches Bonnell,Canada,Eclairs,2022/10/01,1876.00,172
Gigi Bohling,Australia,White Choc,2022/11/05,5523.00,87
Mallorie Waber,Australia,Almond Choco,2022/01/08,7882.00,125
Curtice Advani,UK,White Choc,2022/01/02,1540.00,73
Kelci Walkden,Australia,After Nines,2022/02/03,6916.00,288
Gigi Bohling,UK,Fruit & Nut Bars,2022/06/04,1232.00,86
Curtice Advani,USA,Spicy Special Slims,2022/11/07,1603.00,264
Oby Sorrel,New Zealand,Smooth Sliky Salty,2022/07/07,8673.00,60
Andria Kimpton,New Zealand,50% Dark Bites,2022/02/03,3374.00,202
Rafaelita Blaksland,USA,Baker's Choco Chips,2022/09/06,2863.00,58
Ches Bonnell,New Zealand,Peanut Butter Cubes,2022/04/03,889.00,273
Kelci Walkden,Canada,Milk Bars,2022/07/07,16016.00,28
Curtice Advani,Canada,Fruit & Nut Bars,2022/04/04,4193.00,195
Kaine Padly,UK,Smooth Sliky Salty,2022/08/06,9016.00,554
Karlen McCaffrey,Canada,Spicy Special Slims,2022/02/08,6328.00,47
Camilla Castle,Australia,Caramel Stuffed Bars,2022/02/05,3178.00,16
Curtice Advani,Australia,99% Dark & Pure,2022/07/01,4676.00,84
Van Tuxwell,UK,Drinking Coco,2022/04/04,5803.00,136
Karlen McCaffrey,New Zealand,Fruit & Nut Bars,2022/07/02,1218.00,135
Dennison Crosswaite,New Zealand,Drinking Coco,2022/11/01,4109.00,197
Dotty Strutley,Australia,Mint Chip Choco,2022/01/08,6790.00,25
Roddy Speechley,Australia,Mint Chip Choco,2022/05/05,6797.00,252
Dotty Strutley,New Zealand,Choco Coated Almonds,2022/04/01,5733.00,348
Roddy Speechley,New Zealand,50% Dark Bites,2022/09/05,4312.00,211
Rafaelita Blaksland,India,Smooth Sliky Salty,2022/06/05,1638.00,81
Kaine Padly,India,Milk Bars,2022/02/05,2905.00,91
Jan Morforth,India,Peanut Butter Cubes,2022/04/01,8092.00,178
Husein Augar,Australia,Eclairs,2022/04/07,6993.00,31
Mallorie Waber,UK,Milk Bars,2022/10/01,3563.00,284
Marney O'Breen,Canada,Milk Bars,2022/08/02,2436.00,309
Gunar Cockshoot,USA,Eclairs,2022/03/05,6916.00,42
Gunar Cockshoot,India,50% Dark Bites,2022/09/08,12992.00,83
Wilone O'Kielt,New Zealand,Manuka Honey Choco,2022/11/07,3724.00,234
Dennison Crosswaite,Australia,Organic Choco Syrup,2022/10/05,5775.00,41
Van Tuxwell,UK,85% Dark Bars,2022/11/07,3577.00,134
Marney O'Breen,Canada,Spicy Special Slims,2022/03/01,3528.00,336
Karlen McCaffrey,New Zealand,Eclairs,2022/06/05,2597.00,177
Marney O'Breen,UK,Orange Choco,2022/06/06,11319.00,12
Brien Boise,New Zealand,Baker's Choco Chips,2022/12/07,5978.00,24
Ches Bonnell,Canada,Spicy Special Slims,2022/05/08,5327.00,183
Madelene Upcott,UK,Smooth Sliky Salty,2022/04/03,14539.00,84
Oby Sorrel,New Zealand,White Choc,2022/10/06,4361.00,40
Andria Kimpton,New Zealand,Organic Choco Syrup,2022/04/03,4935.00,39
Roddy Speechley,Canada,Orange Choco,2022/09/02,8148.00,85
Madelene Upcott,New Zealand,Caramel Stuffed Bars,2022/01/02,3374.00,151
Mallorie Waber,India,Drinking Coco,2022/07/03,3948.00,142
Ches Bonnell,UK,White Choc,2022/03/01,3269.00,226
Ches Bonnell,USA,White Choc,2022/11/02,5271.00,341
Gigi Bohling,India,Manuka Honey Choco,2022/12/05,4935.00,73
Van Tuxwell,India,Spicy Special Slims,2022/11/04,6167.00,4
Rafaelita Blaksland,Canada,Caramel Stuffed Bars,2022/01/08,7119.00,101
Dennison Crosswaite,USA,Drinking Coco,2022/10/05,2191.00,138
Gunar Cockshoot,Canada,Mint Chip Choco,2022/01/07,7756.00,410
Curtice Advani,Canada,Smooth Sliky Salty,2022/01/08,2660.00,12
Camilla Castle,Australia,Smooth Sliky Salty,2022/03/03,7406.00,118
Andria Kimpton,Canada,Organic Choco Syrup,2022/04/01,8204.00,204
Curtice Advani,New Zealand,Spicy Special Slims,2022/10/01,4074.00,469
Madelene Upcott,USA,White Choc,2022/04/05,12250.00,213
Oby Sorrel,Canada,Organic Choco Syrup,2022/05/07,1232.00,74
Kelci Walkden,USA,Orange Choco,2022/03/02,1379.00,138
Gigi Bohling,Australia,Caramel Stuffed Bars,2022/08/07,8001.00,151
Dennison Crosswaite,Canada,85% Dark Bars,2022/01/08,10885.00,90
Curtice Advani,UK,50% Dark Bites,2022/08/03,3374.00,142
Gunar Cockshoot,USA,Fruit & Nut Bars,2022/09/03,5852.00,93
Karlen McCaffrey,Canada,Peanut Butter Cubes,2022/12/08,3094.00,159
Barr Faughny,UK,Mint Chip Choco,2022/07/07,3724.00,316
Jan Morforth,Australia,70% Dark Bites,2022/04/03,5222.00,384
Kaine Padly,USA,Organic Choco Syrup,2022/11/03,2380.00,22
Jehu Rudeforth,USA,Smooth Sliky Salty,2022/07/07,6657.00,154
Karlen McCaffrey,Canada,Raspberry Choco,2022/09/05,651.00,224
Kaine Padly,Australia,70% Dark Bites,2022/08/02,6706.00,223
Mallorie Waber,Canada,Manuka Honey Choco,2022/07/03,1435.00,112
Madelene Upcott,Australia,Mint Chip Choco,2022/02/05,2751.00,153
Curtice Advani,Canada,99% Dark & Pure,2022/07/07,12586.00,7
Karlen McCaffrey,Australia,After Nines,2022/11/08,2303.00,67
Gunar Cockshoot,Australia,50% Dark Bites,2022/02/03,12271.00,116
Kelci Walkden,New Zealand,Drinking Coco,2022/10/03,15855.00,111
Dennison Crosswaite,UK,Milk Bars,2022/07/03,10808.00,407
Wilone O'Kielt,UK,Organic Choco Syrup,2022/12/07,4858.00,52
Gunar Cockshoot,India,Smooth Sliky Salty,2022/02/03,3752.00,70
Marney O'Breen,UK,Manuka Honey Choco,2022/10/06,10983.00,179
Beverie Moffet,New Zealand,Mint Chip Choco,2022/09/06,4361.00,97
Dennison Crosswaite,USA,Milk Bars,2022/12/05,777.00,60
Gunar Cockshoot,USA,Drinking Coco,2022/09/05,3843.00,5
Brien Boise,Canada,Manuka Honey Choco,2022/09/08,6930.00,182
Andria Kimpton,USA,Caramel Stuffed Bars,2022/02/05,8393.00,46
Dotty Strutley,USA,99% Dark & Pure,2022/09/08,3822.00,320
Karlen McCaffrey,USA,Manuka Honey Choco,2022/01/02,10171.00,67
Jan Morforth,Canada,Mint Chip Choco,2022/01/04,1064.00,211
Jan Morforth,India,Choco Coated Almonds,2022/12/08,2541.00,134
Gigi Bohling,Canada,Almond Choco,2022/01/02,9989.00,49
Rafaelita Blaksland,India,After Nines,2022/02/03,4739.00,204
Brien Boise,USA,Milk Bars,2022/07/07,14301.00,130
Beverie Moffet,UK,99% Dark & Pure,2022/10/08,3486.00,121
Mallorie Waber,Canada,White Choc,2022/03/03,3381.00,72
Oby Sorrel,USA,Smooth Sliky Salty,2022/04/03,3577.00,158
Dennison Crosswaite,India,Smooth Sliky Salty,2022/07/07,2975.00,9
Jan Morforth,Canada,Caramel Stuffed Bars,2022/02/08,9541.00,114
Oby Sorrel,USA,Baker's Choco Chips,2022/12/08,8001.00,120
Marney O'Breen,Australia,Manuka Honey Choco,2022/05/04,13076.00,236
Gunar Cockshoot,UK,99% Dark & Pure,2022/07/03,7.00,84
Beverie Moffet,UK,Choco Coated Almonds,2022/04/03,3010.00,69
Kaine Padly,Australia,Milk Bars,2022/09/06,4046.00,89
Jan Morforth,India,Smooth Sliky Salty,2022/03/08,11298.00,89
Rafaelita Blaksland,Australia,Manuka Honey Choco,2022/03/08,4396.00,131
Jehu Rudeforth,UK,Milk Bars,2022/03/05,12068.00,227
Roddy Speechley,USA,50% Dark Bites,2022/11/02,10458.00,316
Gigi Bohling,Canada,Spicy Special Slims,2022/04/07,11956.00,277
Andria Kimpton,UK,Milk Bars,2022/11/02,14336.00,293
Gunar Cockshoot,New Zealand,Almond Choco,2022/05/01,5173.00,129
Jehu Rudeforth,USA,99% Dark & Pure,2022/04/01,2534.00,219
Gigi Bohling,Canada,Milk Bars,2022/10/02,3052.00,116
Dotty Strutley,India,Spicy Special Slims,2022/12/08,910.00,204
Gunar Cockshoot,USA,Organic Choco Syrup,2022/10/08,2331.00,321
Kelci Walkden,Australia,Raspberry Choco,2022/07/06,679.00,56
Jehu Rudeforth,India,Baker's Choco Chips,2022/06/06,2086.00,74
Karlen McCaffrey,New Zealand,Baker's Choco Chips,2022/05/04,5012.00,189
Oby Sorrel,New Zealand,Milk Bars,2022/12/01,4494.00,187
Kelci Walkden,India,Smooth Sliky Salty,2022/01/02,2464.00,8
Kelci Walkden,Canada,Peanut Butter Cubes,2022/08/04,7532.00,44
Gigi Bohling,Canada,Drinking Coco,2022/06/07,3549.00,82
Husein Augar,India,Fruit & Nut Bars,2022/04/04,4340.00,226
Jan Morforth,New Zealand,Organic Choco Syrup,2022/02/03,1799.00,207
Gigi Bohling,New Zealand,Raspberry Choco,2022/09/08,1127.00,176
Dennison Crosswaite,Australia,Milk Bars,2022/09/06,10038.00,286
Ches Bonnell,UK,Caramel Stuffed Bars,2022/02/06,2926.00,300
Van Tuxwell,USA,Fruit & Nut Bars,2022/05/07,6279.00,235
Andria Kimpton,Canada,Eclairs,2022/11/08,308.00,125
Madelene Upcott,India,Choco Coated Almonds,2022/11/02,3500.00,145
Kelci Walkden,New Zealand,Spicy Special Slims,2022/11/08,658.00,65
Roddy Speechley,Australia,Drinking Coco,2022/12/05,12565.00,102
Madelene Upcott,UK,Fruit & Nut Bars,2022/05/01,8512.00,189
Gunar Cockshoot,India,Mint Chip Choco,2022/08/08,4256.00,67
Barr Faughny,India,Caramel Stuffed Bars,2022/04/01,6566.00,99
Barr Faughny,USA,Almond Choco,2022/03/02,385.00,78
Madelene Upcott,Australia,Organic Choco Syrup,2022/05/07,10794.00,50
Gunar Cockshoot,Canada,After Nines,2022/04/08,2744.00,200
Beverie Moffet,USA,White Choc,2022/11/03,5292.00,134
Gunar Cockshoot,Canada,50% Dark Bites,2022/04/01,3024.00,23
Curtice Advani,India,Milk Bars,2022/05/04,3437.00,201
Husein Augar,Australia,White Choc,2022/11/05,3171.00,220
Jan Morforth,New Zealand,Orange Choco,2022/11/02,1225.00,84
Andria Kimpton,Canada,Smooth Sliky Salty,2022/08/07,1155.00,79
Gunar Cockshoot,UK,Raspberry Choco,2022/11/08,6811.00,344
Husein Augar,New Zealand,After Nines,2022/04/08,6433.00,7
Andria Kimpton,UK,Caramel Stuffed Bars,2022/07/06,7924.00,275
Gunar Cockshoot,New Zealand,After Nines,2022/09/08,7175.00,145
Kaine Padly,Canada,85% Dark Bars,2022/06/04,1729.00,31
Curtice Advani,USA,Drinking Coco,2022/07/02,5187.00,142
Brien Boise,Australia,Spicy Special Slims,2022/09/05,6223.00,256
Mallorie Waber,New Zealand,85% Dark Bars,2022/06/06,7714.00,106
Wilone O'Kielt,USA,Choco Coated Almonds,2022/06/06,9457.00,6
Jehu Rudeforth,New Zealand,85% Dark Bars,2022/11/03,6972.00,89
Kelci Walkden,New Zealand,Smooth Sliky Salty,2022/11/03,10633.00,277
Roddy Speechley,Canada,Smooth Sliky Salty,2022/07/03,9338.00,11
Curtice Advani,New Zealand,After Nines,2022/05/04,7959.00,30
Camilla Castle,India,85% Dark Bars,2022/04/05,9023.00,51
Ches Bonnell,USA,Choco Coated Almonds,2022/04/01,14525.00,92
Wilone O'Kielt,New Zealand,Fruit & Nut Bars,2022/11/07,6426.00,98
Rafaelita Blaksland,Canada,Drinking Coco,2022/12/07,9884.00,200
Jan Morforth,India,Caramel Stuffed Bars,2022/04/07,84.00,153
Andria Kimpton,UK,White Choc,2022/12/05,9037.00,101
Camilla Castle,New Zealand,Raspberry Choco,2022/04/04,4746.00,137
Roddy Speechley,Canada,Eclairs,2022/08/03,6237.00,88
Ches Bonnell,India,Choco Coated Almonds,2022/05/04,9625.00,78
Wilone O'Kielt,Australia,50% Dark Bites,2022/03/08,10031.00,114
Gigi Bohling,Canada,White Choc,2022/11/07,6587.00,4
Wilone O'Kielt,New Zealand,Eclairs,2022/11/03,3311.00,22
Brien Boise,UK,Peanut Butter Cubes,2022/10/01,15330.00,30
Roddy Speechley,UK,Baker's Choco Chips,2022/04/04,14028.00,351
Marney O'Breen,New Zealand,Organic Choco Syrup,2022/08/07,8624.00,50
Jan Morforth,UK,Organic Choco Syrup,2022/12/04,1197.00,356
Ches Bonnell,UK,Choco Coated Almonds,2022/07/06,1687.00,236
Dennison Crosswaite,Canada,Mint Chip Choco,2022/08/04,1694.00,289
Beverie Moffet,Canada,Orange Choco,2022/10/05,8722.00,109
Van Tuxwell,Canada,50% Dark Bites,2022/12/05,13685.00,58
Rafaelita Blaksland,New Zealand,Eclairs,2022/07/02,19481.00,51
Jan Morforth,India,Baker's Choco Chips,2022/01/08,13727.00,79
Gunar Cockshoot,New Zealand,Fruit & Nut Bars,2022/10/06,9205.00,419
Kelci Walkden,New Zealand,Manuka Honey Choco,2022/08/04,1358.00,106
Dotty Strutley,Australia,Baker's Choco Chips,2022/07/06,3605.00,68
Barr Faughny,Australia,85% Dark Bars,2022/10/02,8498.00,44
Camilla Castle,India,99% Dark & Pure,2022/02/08,203.00,207
Mallorie Waber,New Zealand,Orange Choco,2022/01/02,6510.00,23
Gigi Bohling,USA,Peanut Butter Cubes,2022/09/05,280.00,75
Curtice Advani,India,White Choc,2022/04/07,7154.00,342
Oby Sorrel,New Zealand,Spicy Special Slims,2022/03/06,1617.00,13
Dotty Strutley,New Zealand,99% Dark & Pure,2022/09/05,10724.00,203
Kelci Walkden,India,70% Dark Bites,2022/06/06,3640.00,106
Kelci Walkden,India,Drinking Coco,2022/04/07,7532.00,234
Brien Boise,New Zealand,Drinking Coco,2022/06/06,1582.00,100
Gigi Bohling,New Zealand,Smooth Sliky Salty,2022/10/01,700.00,97
Oby Sorrel,UK,Raspberry Choco,2022/08/04,4599.00,323
Mallorie Waber,India,Raspberry Choco,2022/02/03,1400.00,2
Curtice Advani,Australia,After Nines,2022/11/08,63.00,105
Ches Bonnell,New Zealand,Eclairs,2022/04/04,490.00,49
Brien Boise,India,85% Dark Bars,2022/09/08,18032.00,205
Barr Faughny,Canada,Organic Choco Syrup,2022/10/03,1141.00,205
Van Tuxwell,New Zealand,Eclairs,2022/01/03,5229.00,182
Oby Sorrel,UK,Milk Bars,2022/11/07,6468.00,223
Karlen McCaffrey,New Zealand,Mint Chip Choco,2022/02/03,4326.00,61
Jehu Rudeforth,USA,Raspberry Choco,2022/04/03,7154.00,133
Barr Faughny,Canada,Baker's Choco Chips,2022/03/02,10969.00,170
Gunar Cockshoot,India,Organic Choco Syrup,2022/03/06,7196.00,160
Mallorie Waber,India,Eclairs,2022/12/04,10437.00,46
Karlen McCaffrey,UK,50% Dark Bites,2022/06/04,3647.00,310
Kaine Padly,Australia,50% Dark Bites,2022/02/08,8995.00,78
Gigi Bohling,Australia,Eclairs,2022/12/04,7252.00,136
Husein Augar,India,Peanut Butter Cubes,2022/09/05,4522.00,5
Andria Kimpton,Australia,Baker's Choco Chips,2022/09/08,329.00,109
Karlen McCaffrey,Canada,Fruit & Nut Bars,2022/02/06,210.00,16
Dotty Strutley,New Zealand,Raspberry Choco,2022/10/02,5845.00,91
Madelene Upcott,Australia,99% Dark & Pure,2022/01/08,4326.00,154
Jan Morforth,UK,Caramel Stuffed Bars,2022/02/08,3094.00,468
Oby Sorrel,India,85% Dark Bars,2022/05/07,8981.00,130
Kaine Padly,New Zealand,Smooth Sliky Salty,2022/12/04,7.00,518
Jan Morforth,UK,50% Dark Bites,2022/12/01,5250.00,293
Gunar Cockshoot,Canada,White Choc,2022/11/08,7560.00,15
Rafaelita Blaksland,New Zealand,After Nines,2022/07/07,1099.00,92
Madelene Upcott,New Zealand,Mint Chip Choco,2022/11/03,7413.00,4
Barr Faughny,Australia,Organic Choco Syrup,2022/07/01,2303.00,33
Beverie Moffet,New Zealand,Drinking Coco,2022/12/01,1141.00,518
Beverie Moffet,India,Eclairs,2022/09/06,10325.00,147
Kaine Padly,UK,Choco Coated Almonds,2022/03/08,8022.00,123
Dennison Crosswaite,New Zealand,Organic Choco Syrup,2022/04/01,371.00,229
Van Tuxwell,Australia,Baker's Choco Chips,2022/11/05,13258.00,32
Jehu Rudeforth,UK,Drinking Coco,2022/03/02,7140.00,438
Beverie Moffet,India,Manuka Honey Choco,2022/06/05,9835.00,167
Jehu Rudeforth,UK,85% Dark Bars,2022/07/07,5502.00,64
Kelci Walkden,UK,99% Dark & Pure,2022/12/08,3507.00,114
Oby Sorrel,Australia,50% Dark Bites,2022/06/05,721.00,151
Barr Faughny,USA,White Choc,2022/05/05,7420.00,163
Curtice Advani,New Zealand,85% Dark Bars,2022/12/05,5404.00,187
Wilone O'Kielt,India,After Nines,2022/04/08,12026.00,262
Gunar Cockshoot,Canada,Spicy Special Slims,2022/05/04,13405.00,12
Madelene Upcott,Canada,Peanut Butter Cubes,2022/05/07,14763.00,113
Curtice Advani,UK,Drinking Coco,2022/12/07,455.00,174
Roddy Speechley,Canada,Choco Coated Almonds,2022/11/05,5873.00,249
Oby Sorrel,Canada,Peanut Butter Cubes,2022/07/06,12425.00,167
Wilone O'Kielt,Canada,Smooth Sliky Salty,2022/02/06,4991.00,166
Rafaelita Blaksland,Canada,99% Dark & Pure,2022/02/03,5096.00,142
Van Tuxwell,Australia,70% Dark Bites,2022/10/01,7063.00,104
Roddy Speechley,Australia,85% Dark Bars,2022/08/07,4200.00,80
Oby Sorrel,India,Spicy Special Slims,2022/08/06,11137.00,88
Kaine Padly,Australia,After Nines,2022/08/04,6832.00,306
Wilone O'Kielt,Canada,Fruit & Nut Bars,2022/08/08,3437.00,181
Dennison Crosswaite,USA,Baker's Choco Chips,2022/11/08,17465.00,271
Van Tuxwell,New Zealand,50% Dark Bites,2022/11/07,3626.00,10
Karlen McCaffrey,Canada,Caramel Stuffed Bars,2022/02/03,3346.00,304
Rafaelita Blaksland,UK,Spicy Special Slims,2022/03/08,9345.00,133
Curtice Advani,UK,Peanut Butter Cubes,2022/01/03,15008.00,165
Husein Augar,India,Eclairs,2022/09/02,4956.00,58
Beverie Moffet,India,White Choc,2022/04/07,1813.00,296
Camilla Castle,USA,Eclairs,2022/10/06,4515.00,392
Gigi Bohling,Australia,Orange Choco,2022/09/03,574.00,156
Mallorie Waber,Canada,Caramel Stuffed Bars,2022/10/06,4844.00,539
Husein Augar,Australia,Organic Choco Syrup,2022/08/02,938.00,158
Brien Boise,UK,Caramel Stuffed Bars,2022/04/03,2681.00,149
Beverie Moffet,Canada,Drinking Coco,2022/05/07,994.00,118
Mallorie Waber,Canada,Almond Choco,2022/12/05,4214.00,35
Oby Sorrel,USA,Drinking Coco,2022/11/03,7714.00,44
Brien Boise,New Zealand,Eclairs,2022/11/07,4690.00,299
Gunar Cockshoot,New Zealand,Choco Coated Almonds,2022/01/08,13062.00,62
Jehu Rudeforth,Canada,Manuka Honey Choco,2022/05/04,3584.00,200
Camilla Castle,Canada,Drinking Coco,2022/03/03,12481.00,264
Oby Sorrel,New Zealand,85% Dark Bars,2022/01/02,3381.00,417
Dotty Strutley,New Zealand,Orange Choco,2022/04/08,2030.00,146
Andria Kimpton,New Zealand,Almond Choco,2022/05/04,6559.00,158
Dotty Strutley,USA,Raspberry Choco,2022/03/01,3437.00,46
Oby Sorrel,USA,Spicy Special Slims,2022/07/02,5691.00,417
Mallorie Waber,Australia,Smooth Sliky Salty,2022/11/02,4158.00,109
Dennison Crosswaite,Australia,Baker's Choco Chips,2022/11/01,13846.00,421
Beverie Moffet,UK,50% Dark Bites,2022/09/02,2499.00,271
Van Tuxwell,UK,Almond Choco,2022/06/06,10689.00,204
Dotty Strutley,UK,Caramel Stuffed Bars,2022/10/08,5768.00,235
Wilone O'Kielt,Australia,Smooth Sliky Salty,2022/04/01,2226.00,46
Andria Kimpton,Canada,70% Dark Bites,2022/08/04,10262.00,15
Barr Faughny,UK,Milk Bars,2022/02/03,3864.00,430
Husein Augar,UK,After Nines,2022/05/07,3507.00,380
Barr Faughny,India,Mint Chip Choco,2022/12/01,7413.00,465
Curtice Advani,India,Mint Chip Choco,2022/03/03,8155.00,96
Curtice Advani,UK,Manuka Honey Choco,2022/07/02,1666.00,106
Kelci Walkden,Australia,Drinking Coco,2022/04/05,1288.00,60
Van Tuxwell,Canada,70% Dark Bites,2022/02/06,7077.00,77
Dennison Crosswaite,USA,Caramel Stuffed Bars,2022/11/07,2317.00,464
Beverie Moffet,New Zealand,Spicy Special Slims,2022/07/06,63.00,60
Jan Morforth,UK,Almond Choco,2022/06/07,9744.00,157
Camilla Castle,India,Drinking Coco,2022/08/08,469.00,163
Roddy Speechley,Australia,Organic Choco Syrup,2022/04/07,3647.00,76
Rafaelita Blaksland,Canada,Spicy Special Slims,2022/02/05,2520.00,156
Madelene Upcott,UK,Peanut Butter Cubes,2022/12/08,7756.00,85
Madelene Upcott,USA,Choco Coated Almonds,2022/07/06,5446.00,132
Marney O'Breen,Canada,Peanut Butter Cubes,2022/08/03,6594.00,91
Ches Bonnell,Australia,Choco Coated Almonds,2022/08/04,1470.00,167
Curtice Advani,Canada,Eclairs,2022/06/05,721.00,203
Camilla Castle,New Zealand,85% Dark Bars,2022/08/08,15099.00,55
Dennison Crosswaite,Canada,Drinking Coco,2022/10/01,2702.00,24
Mallorie Waber,New Zealand,After Nines,2022/04/05,483.00,228
Roddy Speechley,Canada,White Choc,2022/05/04,5887.00,268
Dotty Strutley,Australia,White Choc,2022/05/07,6055.00,93
Kaine Padly,Canada,Almond Choco,2022/12/08,6055.00,73
Jan Morforth,UK,Baker's Choco Chips,2022/11/03,721.00,251
Dennison Crosswaite,USA,Smooth Sliky Salty,2022/12/05,11781.00,91
Brien Boise,USA,Raspberry Choco,2022/12/01,672.00,194
Jehu Rudeforth,USA,White Choc,2022/07/06,6559.00,119
Jehu Rudeforth,UK,Mint Chip Choco,2023/04/01,5902.13,178
Van Tuxwell,India,85% Dark Bars,2023/01/08,8074.39,100
Gigi Bohling,India,Peanut Butter Cubes,2023/07/07,4666.18,100
Van Tuxwell,India,Smooth Sliky Salty,2023/06/06,5768.75,37
Brien Boise,Australia,99% Dark & Pure,2023/04/07,3166.56,98
Barr Faughny,USA,Orange Choco,2023/10/03,4254.37,12
Marney O'Breen,New Zealand,Peanut Butter Cubes,2023/03/08,8549.84,169
Roddy Speechley,USA,Smooth Sliky Salty,2023/05/04,3041.12,148
Curtice Advani,UK,85% Dark Bars,2023/08/06,1131.25,175
Roddy Speechley,Canada,Spicy Special Slims,2023/09/02,1658.79,193
Husein Augar,USA,Eclairs,2023/07/07,4168.93,122
Dennison Crosswaite,New Zealand,White Choc,2023/05/07,10604.89,165
Wilone O'Kielt,Australia,Manuka Honey Choco,2023/11/05,4439.52,95
Andria Kimpton,Canada,After Nines,2023/11/05,2222.30,77
Kelci Walkden,New Zealand,After Nines,2023/07/07,147.82,74
Karlen McCaffrey,India,Manuka Honey Choco,2023/04/07,2487.19,583
Kelci Walkden,USA,After Nines,2023/02/06,1021.27,17
Mallorie Waber,Canada,Choco Coated Almonds,2023/11/07,5345.58,250
Roddy Speechley,India,Eclairs,2023/10/06,4489.81,310
Curtice Advani,India,Fruit & Nut Bars,2023/07/07,5806.11,190
Brien Boise,Australia,Fruit & Nut Bars,2023/06/06,8558.59,24
Andria Kimpton,Australia,50% Dark Bites,2023/02/06,5091.78,219
Karlen McCaffrey,India,Almond Choco,2023/06/07,6188.62,157
Van Tuxwell,Australia,Organic Choco Syrup,2023/10/08,21762.80,15
Camilla Castle,India,50% Dark Bites,2023/04/07,10539.54,398
Oby Sorrel,India,Organic Choco Syrup,2023/08/07,6665.87,60
Gigi Bohling,USA,Choco Coated Almonds,2023/02/03,13018.00,103
Gigi Bohling,UK,Almond Choco,2023/10/01,6046.40,10
Jehu Rudeforth,New Zealand,White Choc,2023/11/03,3078.33,231
Camilla Castle,USA,Spicy Special Slims,2023/11/02,1311.25,251
Brien Boise,New Zealand,Mint Chip Choco,2023/01/08,66.35,197
Roddy Speechley,Canada,Organic Choco Syrup,2023/10/01,4265.48,85
Dennison Crosswaite,Australia,70% Dark Bites,2023/07/02,6087.53,113
Karlen McCaffrey,USA,Orange Choco,2023/12/05,11694.48,425
Madelene Upcott,Australia,Spicy Special Slims,2023/07/03,7616.38,392
Dennison Crosswaite,Australia,85% Dark Bars,2023/05/04,7807.02,419
Andria Kimpton,Canada,Caramel Stuffed Bars,2023/03/01,7990.91,343
Madelene Upcott,India,Raspberry Choco,2023/07/07,4409.21,10
Wilone O'Kielt,Australia,Organic Choco Syrup,2023/07/07,1896.24,115
Roddy Speechley,New Zealand,Orange Choco,2023/01/04,51.29,100
Husein Augar,USA,After Nines,2023/08/04,13051.75,193
Brien Boise,Canada,Spicy Special Slims,2023/04/03,8929.88,100
Karlen McCaffrey,New Zealand,70% Dark Bites,2023/02/08,141.23,38
Kelci Walkden,India,Orange Choco,2023/07/06,10587.71,134
Jan Morforth,India,Spicy Special Slims,2023/12/04,2155.62,495
Ches Bonnell,India,Spicy Special Slims,2023/06/07,11010.43,103
Madelene Upcott,Australia,Fruit & Nut Bars,2023/05/01,5715.07,90
Wilone O'Kielt,Australia,Drinking Coco,2023/06/04,623.75,285
Jan Morforth,India,Almond Choco,2023/11/03,5143.49,21
Marney O'Breen,New Zealand,After Nines,2023/09/03,1558.87,46
Kaine Padly,Australia,Manuka Honey Choco,2023/12/01,2919.11,271
Oby Sorrel,Canada,99% Dark & Pure,2023/01/08,4033.53,430
Roddy Speechley,India,Smooth Sliky Salty,2023/10/08,5118.11,137
Jan Morforth,India,Eclairs,2023/05/01,2835.90,26
Ches Bonnell,UK,Smooth Sliky Salty,2023/11/07,5828.22,121
Gigi Bohling,New Zealand,Fruit & Nut Bars,2023/04/04,11226.50,118
Barr Faughny,USA,Raspberry Choco,2023/12/04,10102.86,107
Wilone O'Kielt,New Zealand,85% Dark Bars,2023/02/08,2084.86,119
Ches Bonnell,Australia,Eclairs,2023/05/07,4248.34,130
Rafaelita Blaksland,New Zealand,Choco Coated Almonds,2023/07/06,2236.11,46
Brien Boise,Australia,Baker's Choco Chips,2023/04/01,12870.47,227
Oby Sorrel,India,Smooth Sliky Salty,2023/07/02,10759.61,107
Curtice Advani,Australia,Orange Choco,2023/12/07,909.93,132
Jehu Rudeforth,Canada,Smooth Sliky Salty,2023/11/07,5631.26,142
Andria Kimpton,USA,85% Dark Bars,2023/05/04,9458.03,87
Roddy Speechley,India,Peanut Butter Cubes,2023/11/02,11596.89,22
Roddy Speechley,New Zealand,Milk Bars,2023/02/03,5857.90,111
Ches Bonnell,Australia,White Choc,2023/02/03,1177.64,206
Kelci Walkden,India,After Nines,2023/07/01,1732.04,531
Brien Boise,UK,White Choc,2023/12/04,5837.17,173
Karlen McCaffrey,UK,Baker's Choco Chips,2023/07/02,5094.48,373
Marney O'Breen,India,Peanut Butter Cubes,2023/10/01,6761.28,145
Barr Faughny,Australia,White Choc,2023/04/07,8927.63,386
Kaine Padly,Canada,Peanut Butter Cubes,2023/04/07,3438.70,191
Dotty Strutley,USA,Manuka Honey Choco,2023/10/08,299.71,207
Dennison Crosswaite,Australia,50% Dark Bites,2023/01/04,7374.26,12
Camilla Castle,UK,White Choc,2023/03/01,9957.66,194
Dotty Strutley,UK,99% Dark & Pure,2023/03/01,9865.05,273
Husein Augar,UK,Choco Coated Almonds,2023/02/03,4679.06,43
Barr Faughny,Canada,Peanut Butter Cubes,2023/07/06,2167.19,85
Kaine Padly,USA,70% Dark Bites,2023/12/05,4199.84,107
Dennison Crosswaite,UK,White Choc,2023/03/08,7870.09,274
Rafaelita Blaksland,India,Spicy Special Slims,2023/04/01,8586.04,144
Karlen McCaffrey,Australia,White Choc,2023/05/01,8448.39,52
Gigi Bohling,USA,99% Dark & Pure,2023/02/06,885.68,240
Beverie Moffet,New Zealand,Baker's Choco Chips,2023/03/08,1452.61,142
Jan Morforth,Australia,Orange Choco,2023/04/07,3364.44,126
Jehu Rudeforth,India,50% Dark Bites,2023/05/07,3470.60,129
Ches Bonnell,Australia,70% Dark Bites,2023/12/01,3252.70,119
Marney O'Breen,UK,Baker's Choco Chips,2023/10/06,254.16,161
Husein Augar,USA,Milk Bars,2023/02/03,934.49,54
Dotty Strutley,Australia,50% Dark Bites,2023/12/05,3359.18,256
Mallorie Waber,New Zealand,Organic Choco Syrup,2023/01/07,5098.29,276
Husein Augar,USA,85% Dark Bars,2023/08/08,398.28,52
Curtice Advani,India,70% Dark Bites,2023/05/07,2393.79,48
Mallorie Waber,USA,Manuka Honey Choco,2023/04/07,6136.99,94
Kaine Padly,New Zealand,Spicy Special Slims,2023/01/07,8106.88,40
Beverie Moffet,UK,Smooth Sliky Salty,2023/04/05,4726.60,75
Beverie Moffet,Australia,Baker's Choco Chips,2023/04/08,3482.73,108
Beverie Moffet,India,70% Dark Bites,2023/01/06,467.19,159
Kaine Padly,USA,50% Dark Bites,2023/03/08,70.60,27
Ches Bonnell,USA,Orange Choco,2023/10/06,1835.22,73
Marney O'Breen,Australia,Smooth Sliky Salty,2023/03/01,3967.85,163
Marney O'Breen,India,After Nines,2023/11/07,2800.67,190
Ches Bonnell,India,Organic Choco Syrup,2023/08/03,16717.26,102
Mallorie Waber,Australia,Orange Choco,2023/07/03,16112.73,282
Husein Augar,India,70% Dark Bites,2023/09/05,6898.00,163
Ches Bonnell,USA,70% Dark Bites,2023/11/05,5054.42,127
Dennison Crosswaite,New Zealand,Mint Chip Choco,2023/05/04,6668.93,419
Barr Faughny,UK,White Choc,2023/05/07,1837.47,77
Beverie Moffet,Canada,Baker's Choco Chips,2023/11/01,14625.75,90
Kelci Walkden,USA,White Choc,2023/07/03,10305.40,22
Kaine Padly,Canada,50% Dark Bites,2023/04/03,8798.99,99
Kaine Padly,UK,Peanut Butter Cubes,2023/11/05,6564.20,92
Ches Bonnell,India,Smooth Sliky Salty,2023/03/08,8062.00,20
Dennison Crosswaite,UK,Peanut Butter Cubes,2023/07/02,10186.18,154
Karlen McCaffrey,Australia,Almond Choco,2023/08/07,7936.84,138
Ches Bonnell,UK,Mint Chip Choco,2023/08/04,3088.98,226
Jan Morforth,India,Fruit & Nut Bars,2023/04/05,3219.13,54
Mallorie Waber,USA,85% Dark Bars,2023/11/05,2700.61,112
Dennison Crosswaite,Canada,Spicy Special Slims,2023/10/08,2634.13,234
Dennison Crosswaite,USA,Fruit & Nut Bars,2023/04/05,1630.95,321
Dotty Strutley,Canada,Raspberry Choco,2023/03/08,4849.30,248
Madelene Upcott,Australia,Choco Coated Almonds,2023/08/04,2106.93,69
Kelci Walkden,UK,Orange Choco,2023/01/08,3911.85,3
Ches Bonnell,Canada,Eclairs,2023/10/01,2106.17,172
Gigi Bohling,Australia,White Choc,2023/11/05,5805.24,83
Mallorie Waber,Australia,Almond Choco,2023/01/08,8522.80,137
Curtice Advani,UK,White Choc,2023/01/02,1775.18,73
Kelci Walkden,Australia,After Nines,2023/02/03,7683.78,279
Gigi Bohling,UK,Fruit & Nut Bars,2023/06/04,1412.22,90
Curtice Advani,USA,Spicy Special Slims,2023/11/07,1788.10,271
Oby Sorrel,New Zealand,Smooth Sliky Salty,2023/07/07,9545.03,64
Andria Kimpton,New Zealand,50% Dark Bites,2023/02/03,3750.88,208
Rafaelita Blaksland,USA,Baker's Choco Chips,2023/09/06,3136.92,64
Ches Bonnell,New Zealand,Peanut Butter Cubes,2023/04/03,1024.77,260
Kelci Walkden,Canada,Milk Bars,2023/07/07,17680.19,27
Curtice Advani,Canada,Fruit & Nut Bars,2023/04/04,4382.07,210
Kaine Padly,UK,Smooth Sliky Salty,2023/08/06,9928.10,599
Karlen McCaffrey,Canada,Spicy Special Slims,2023/02/08,6315.53,51
Camilla Castle,Australia,Caramel Stuffed Bars,2023/02/05,3242.04,15
Curtice Advani,Australia,99% Dark & Pure,2023/07/01,5363.69,87
Van Tuxwell,UK,Drinking Coco,2023/04/04,6388.95,131
Karlen McCaffrey,New Zealand,Fruit & Nut Bars,2023/07/02,1365.88,147
Dennison Crosswaite,New Zealand,Drinking Coco,2023/11/01,4437.46,196
Dotty Strutley,Australia,Mint Chip Choco,2023/01/08,7091.81,27
Roddy Speechley,Australia,Mint Chip Choco,2023/05/05,7213.16,277
Dotty Strutley,New Zealand,Choco Coated Almonds,2023/04/01,5750.05,350
Roddy Speechley,New Zealand,50% Dark Bites,2023/09/05,4641.29,220
Rafaelita Blaksland,India,Smooth Sliky Salty,2023/06/05,1871.33,88
Kaine Padly,India,Milk Bars,2023/02/05,3210.14,92
Jan Morforth,India,Peanut Butter Cubes,2023/04/01,8859.63,184
Husein Augar,Australia,Eclairs,2023/04/07,7299.40,34
Mallorie Waber,UK,Milk Bars,2023/10/01,3737.68,282
Marney O'Breen,Canada,Milk Bars,2023/08/02,2618.15,312
Gunar Cockshoot,USA,Eclairs,2023/03/05,7368.94,45
Gunar Cockshoot,India,50% Dark Bites,2023/09/08,14456.14,79
Wilone O'Kielt,New Zealand,Manuka Honey Choco,2023/11/07,4173.40,254
Dennison Crosswaite,Australia,Organic Choco Syrup,2023/10/05,6655.62,39
Van Tuxwell,UK,85% Dark Bars,2023/11/07,4029.28,128
Marney O'Breen,Canada,Spicy Special Slims,2023/03/01,3563.09,344
Karlen McCaffrey,New Zealand,Eclairs,2023/06/05,2935.80,171
Marney O'Breen,UK,Orange Choco,2023/06/06,11882.82,13
Brien Boise,New Zealand,Baker's Choco Chips,2023/12/07,6297.06,26
Ches Bonnell,Canada,Spicy Special Slims,2023/05/08,5859.21,193
Madelene Upcott,UK,Smooth Sliky Salty,2023/04/03,14769.97,87
Oby Sorrel,New Zealand,White Choc,2023/10/06,4612.08,38
Andria Kimpton,New Zealand,Organic Choco Syrup,2023/04/03,4948.15,39
Roddy Speechley,Canada,Orange Choco,2023/09/02,9315.64,88
Madelene Upcott,New Zealand,Caramel Stuffed Bars,2023/01/02,3782.83,150
Mallorie Waber,India,Drinking Coco,2023/07/03,4525.72,146
Ches Bonnell,UK,White Choc,2023/03/01,3730.79,237
Ches Bonnell,USA,White Choc,2023/11/02,6068.19,349
Gigi Bohling,India,Manuka Honey Choco,2023/12/05,5290.76,76
Van Tuxwell,India,Spicy Special Slims,2023/11/04,6874.06,4
Rafaelita Blaksland,Canada,Caramel Stuffed Bars,2023/01/08,8145.99,100
Dennison Crosswaite,USA,Drinking Coco,2023/10/05,2369.87,139
Gunar Cockshoot,Canada,Mint Chip Choco,2023/01/07,8829.77,445
Curtice Advani,Canada,Smooth Sliky Salty,2023/01/08,3047.18,12
Camilla Castle,Australia,Smooth Sliky Salty,2023/03/03,8220.25,125
Andria Kimpton,Canada,Organic Choco Syrup,2023/04/01,8804.98,214
Curtice Advani,New Zealand,Spicy Special Slims,2023/10/01,4153.59,513
Madelene Upcott,USA,White Choc,2023/04/05,12571.07,226
Oby Sorrel,Canada,Organic Choco Syrup,2023/05/07,1310.04,71
Kelci Walkden,USA,Orange Choco,2023/03/02,1425.81,133
Gigi Bohling,Australia,Caramel Stuffed Bars,2023/08/07,8724.40,147
Dennison Crosswaite,Canada,85% Dark Bars,2023/01/08,11334.77,89
Curtice Advani,UK,50% Dark Bites,2023/08/03,3442.99,142
Gunar Cockshoot,USA,Fruit & Nut Bars,2023/09/03,6669.60,99
Karlen McCaffrey,Canada,Peanut Butter Cubes,2023/12/08,3473.62,170
Barr Faughny,UK,Mint Chip Choco,2023/07/07,4129.98,332
Jan Morforth,Australia,70% Dark Bites,2023/04/03,5924.44,396
Kaine Padly,USA,Organic Choco Syrup,2023/11/03,2638.76,24
Jehu Rudeforth,USA,Smooth Sliky Salty,2023/07/07,7170.21,151
Karlen McCaffrey,Canada,Raspberry Choco,2023/09/05,717.90,213
Kaine Padly,Australia,70% Dark Bites,2023/08/02,7734.54,227
Mallorie Waber,Canada,Manuka Honey Choco,2023/07/03,1583.57,122
Madelene Upcott,Australia,Mint Chip Choco,2023/02/05,2766.65,148
Curtice Advani,Canada,99% Dark & Pure,2023/07/07,13232.74,7
Karlen McCaffrey,Australia,After Nines,2023/11/08,2483.32,65
Gunar Cockshoot,Australia,50% Dark Bites,2023/02/03,12728.16,111
Kelci Walkden,New Zealand,Drinking Coco,2023/10/03,17584.16,110
Dennison Crosswaite,UK,Milk Bars,2023/07/03,11698.98,436
Wilone O'Kielt,UK,Organic Choco Syrup,2023/12/07,4964.25,56
Gunar Cockshoot,India,Smooth Sliky Salty,2023/02/03,3938.20,70
Marney O'Breen,UK,Manuka Honey Choco,2023/10/06,12449.46,177
Beverie Moffet,New Zealand,Mint Chip Choco,2023/09/06,4560.81,102
Dennison Crosswaite,USA,Milk Bars,2023/12/05,777.46,58
Gunar Cockshoot,USA,Drinking Coco,2023/09/05,3857.27,5
Brien Boise,Canada,Manuka Honey Choco,2023/09/08,7442.69,179
Andria Kimpton,USA,Caramel Stuffed Bars,2023/02/05,8836.90,48
Dotty Strutley,USA,99% Dark & Pure,2023/09/08,4185.00,315
Karlen McCaffrey,USA,Manuka Honey Choco,2023/01/02,10338.27,73
Jan Morforth,Canada,Mint Chip Choco,2023/01/04,1062.61,217
Jan Morforth,India,Choco Coated Almonds,2023/12/08,2669.61,143
Gigi Bohling,Canada,Almond Choco,2023/01/02,10265.97,49
Rafaelita Blaksland,India,After Nines,2023/02/03,5423.54,203
Brien Boise,USA,Milk Bars,2023/07/07,14460.51,124
Beverie Moffet,UK,99% Dark & Pure,2023/10/08,3701.60,131
Mallorie Waber,Canada,White Choc,2023/03/03,3398.51,74
Oby Sorrel,USA,Smooth Sliky Salty,2023/04/03,3632.32,169
Dennison Crosswaite,India,Smooth Sliky Salty,2023/07/07,3343.85,10
Jan Morforth,Canada,Caramel Stuffed Bars,2023/02/08,10802.13,124
Oby Sorrel,USA,Baker's Choco Chips,2023/12/08,9154.17,123
Marney O'Breen,Australia,Manuka Honey Choco,2023/05/04,14939.24,238
Gunar Cockshoot,UK,99% Dark & Pure,2023/07/03,8.04,85
Beverie Moffet,UK,Choco Coated Almonds,2023/04/03,3212.35,66
Kaine Padly,Australia,Milk Bars,2023/09/06,4499.64,91
Jan Morforth,India,Smooth Sliky Salty,2023/03/08,11867.83,95
Rafaelita Blaksland,Australia,Manuka Honey Choco,2023/03/08,4806.65,132
Jehu Rudeforth,UK,Milk Bars,2023/03/05,13420.93,232
Roddy Speechley,USA,50% Dark Bites,2023/11/02,10849.39,330
Gigi Bohling,Canada,Spicy Special Slims,2023/04/07,13173.56,301
Andria Kimpton,UK,Milk Bars,2023/11/02,16486.65,314
Gunar Cockshoot,New Zealand,Almond Choco,2023/05/01,5752.62,125
Jehu Rudeforth,USA,99% Dark & Pure,2023/04/01,2815.72,222
Gigi Bohling,Canada,Milk Bars,2023/10/02,3432.73,120
Dotty Strutley,India,Spicy Special Slims,2023/12/08,1001.99,217
Gunar Cockshoot,USA,Organic Choco Syrup,2023/10/08,2494.19,315
Kelci Walkden,Australia,Raspberry Choco,2023/07/06,770.25,61
Jehu Rudeforth,India,Baker's Choco Chips,2023/06/06,2261.98,73
Karlen McCaffrey,New Zealand,Baker's Choco Chips,2023/05/04,5667.58,204
Oby Sorrel,New Zealand,Milk Bars,2023/12/01,4484.03,201
Kelci Walkden,India,Smooth Sliky Salty,2023/01/02,2525.98,8
Kelci Walkden,Canada,Peanut Butter Cubes,2023/08/04,8106.62,47
Gigi Bohling,Canada,Drinking Coco,2023/06/07,3934.09,86
Husein Augar,India,Fruit & Nut Bars,2023/04/04,4508.93,231
Jan Morforth,New Zealand,Organic Choco Syrup,2023/02/03,1921.57,226
Gigi Bohling,New Zealand,Raspberry Choco,2023/09/08,1161.31,181
Dennison Crosswaite,Australia,Milk Bars,2023/09/06,11389.29,282
Ches Bonnell,UK,Caramel Stuffed Bars,2023/02/06,3032.30,313
Van Tuxwell,USA,Fruit & Nut Bars,2023/05/07,6871.55,238
Andria Kimpton,Canada,Eclairs,2023/11/08,339.99,124
Madelene Upcott,India,Choco Coated Almonds,2023/11/02,3720.22,141
Kelci Walkden,New Zealand,Spicy Special Slims,2023/11/08,731.19,69
Roddy Speechley,Australia,Drinking Coco,2023/12/05,13288.65,112
Madelene Upcott,UK,Fruit & Nut Bars,2023/05/01,9538.21,198
Gunar Cockshoot,India,Mint Chip Choco,2023/08/08,4451.38,71
Barr Faughny,India,Caramel Stuffed Bars,2023/04/01,7042.98,107
Barr Faughny,USA,Almond Choco,2023/03/02,430.59,85
Madelene Upcott,Australia,Organic Choco Syrup,2023/05/07,11542.54,49
Gunar Cockshoot,Canada,After Nines,2023/04/08,3125.34,191
Beverie Moffet,USA,White Choc,2023/11/03,5639.90,129
Gunar Cockshoot,Canada,50% Dark Bites,2023/04/01,3044.01,22
Curtice Advani,India,Milk Bars,2023/05/04,3902.04,214
Husein Augar,Australia,White Choc,2023/11/05,3251.53,241
Jan Morforth,New Zealand,Orange Choco,2023/11/02,1350.26,89
Andria Kimpton,Canada,Smooth Sliky Salty,2023/08/07,1187.71,75
Gunar Cockshoot,UK,Raspberry Choco,2023/11/08,7055.38,334
Husein Augar,New Zealand,After Nines,2023/04/08,7231.89,8
Andria Kimpton,UK,Caramel Stuffed Bars,2023/07/06,8234.50,294
Gunar Cockshoot,New Zealand,After Nines,2023/09/08,7772.63,140
Kaine Padly,Canada,85% Dark Bars,2023/06/04,1992.77,31
Curtice Advani,USA,Drinking Coco,2023/07/02,5378.09,142
Brien Boise,Australia,Spicy Special Slims,2023/09/05,6707.63,269
Mallorie Waber,New Zealand,85% Dark Bars,2023/06/06,8167.18,102
Wilone O'Kielt,USA,Choco Coated Almonds,2023/06/06,9950.14,6
Jehu Rudeforth,New Zealand,85% Dark Bars,2023/11/03,7797.24,88
Kelci Walkden,New Zealand,Smooth Sliky Salty,2023/11/03,12030.46,296
Roddy Speechley,Canada,Smooth Sliky Salty,2023/07/03,9902.03,12
Curtice Advani,New Zealand,After Nines,2023/05/04,7944.07,33
Camilla Castle,India,85% Dark Bars,2023/04/05,9523.65,55
Ches Bonnell,USA,Choco Coated Almonds,2023/04/01,16240.71,93
Wilone O'Kielt,New Zealand,Fruit & Nut Bars,2023/11/07,6924.52,94
Rafaelita Blaksland,Canada,Drinking Coco,2023/12/07,10415.77,200
Jan Morforth,India,Caramel Stuffed Bars,2023/04/07,88.72,165
Andria Kimpton,UK,White Choc,2023/12/05,9793.16,110
Camilla Castle,New Zealand,Raspberry Choco,2023/04/04,4823.65,143
Roddy Speechley,Canada,Eclairs,2023/08/03,7082.03,95
Ches Bonnell,India,Choco Coated Almonds,2023/05/04,10669.09,85
Wilone O'Kielt,Australia,50% Dark Bites,2023/03/08,10336.22,123
Gigi Bohling,Canada,White Choc,2023/11/07,6985.95,4
Wilone O'Kielt,New Zealand,Eclairs,2023/11/03,3394.46,21
Brien Boise,UK,Peanut Butter Cubes,2023/10/01,15337.23,31
Roddy Speechley,UK,Baker's Choco Chips,2023/04/04,15925.17,378
Marney O'Breen,New Zealand,Organic Choco Syrup,2023/08/07,9489.27,54
Jan Morforth,UK,Organic Choco Syrup,2023/12/04,1281.32,354
Ches Bonnell,UK,Choco Coated Almonds,2023/07/06,1933.56,239
Dennison Crosswaite,Canada,Mint Chip Choco,2023/08/04,1943.70,297
Beverie Moffet,Canada,Orange Choco,2023/10/05,9390.28,104
Van Tuxwell,Canada,50% Dark Bites,2023/12/05,15567.58,57
Rafaelita Blaksland,New Zealand,Eclairs,2023/07/02,20470.43,54
Jan Morforth,India,Baker's Choco Chips,2023/01/08,14613.52,85
Gunar Cockshoot,New Zealand,Fruit & Nut Bars,2023/10/06,10454.55,434
Kelci Walkden,New Zealand,Manuka Honey Choco,2023/08/04,1445.14,108
Dotty Strutley,Australia,Baker's Choco Chips,2023/07/06,4022.64,71
Barr Faughny,Australia,85% Dark Bars,2023/10/02,8651.20,43
Camilla Castle,India,99% Dark & Pure,2023/02/08,207.87,216
Mallorie Waber,New Zealand,Orange Choco,2023/01/02,6811.37,25
Gigi Bohling,USA,Peanut Butter Cubes,2023/09/05,321.61,76
Curtice Advani,India,White Choc,2023/04/07,7887.15,335
Oby Sorrel,New Zealand,Spicy Special Slims,2023/03/06,1793.67,13
Dotty Strutley,New Zealand,99% Dark & Pure,2023/09/05,11749.75,213
Kelci Walkden,India,70% Dark Bites,2023/06/06,3967.25,101
Kelci Walkden,India,Drinking Coco,2023/04/07,8105.37,255
Brien Boise,New Zealand,Drinking Coco,2023/06/06,1614.17,106
Gigi Bohling,New Zealand,Smooth Sliky Salty,2023/10/01,801.09,101
Oby Sorrel,UK,Raspberry Choco,2023/08/04,4611.37,322
Mallorie Waber,India,Raspberry Choco,2023/02/03,1516.56,2
Curtice Advani,Australia,After Nines,2023/11/08,63.71,109
Ches Bonnell,New Zealand,Eclairs,2023/04/04,543.20,54
Brien Boise,India,85% Dark Bars,2023/09/08,18894.92,201
Barr Faughny,Canada,Organic Choco Syrup,2023/10/03,1229.96,219
Van Tuxwell,New Zealand,Eclairs,2023/01/03,5747.66,176
Oby Sorrel,UK,Milk Bars,2023/11/07,6853.82,220
Karlen McCaffrey,New Zealand,Mint Chip Choco,2023/02/03,4361.01,59
Jehu Rudeforth,USA,Raspberry Choco,2023/04/03,7686.15,141
Barr Faughny,Canada,Baker's Choco Chips,2023/03/02,10967.31,172
Gunar Cockshoot,India,Organic Choco Syrup,2023/03/06,7302.42,153
Mallorie Waber,India,Eclairs,2023/12/04,11032.79,49
Karlen McCaffrey,UK,50% Dark Bites,2023/06/04,3843.01,295
Kaine Padly,Australia,50% Dark Bites,2023/02/08,9163.79,81
Gigi Bohling,Australia,Eclairs,2023/12/04,7628.59,146
Husein Augar,India,Peanut Butter Cubes,2023/09/05,4726.65,5
Andria Kimpton,Australia,Baker's Choco Chips,2023/09/08,344.82,118
Karlen McCaffrey,Canada,Fruit & Nut Bars,2023/02/06,213.45,17
Dotty Strutley,New Zealand,Raspberry Choco,2023/10/02,6192.19,99
Madelene Upcott,Australia,99% Dark & Pure,2023/01/08,4822.50,159
Jan Morforth,UK,Caramel Stuffed Bars,2023/02/08,3175.62,507
Oby Sorrel,India,85% Dark Bars,2023/05/07,9072.46,142
Kaine Padly,New Zealand,Smooth Sliky Salty,2023/12/04,8.06,513
Jan Morforth,UK,50% Dark Bites,2023/12/01,5501.67,298
Gunar Cockshoot,Canada,White Choc,2023/11/08,7685.42,15
Rafaelita Blaksland,New Zealand,After Nines,2023/07/07,1127.50,88
Madelene Upcott,New Zealand,Mint Chip Choco,2023/11/03,8502.77,4
Barr Faughny,Australia,Organic Choco Syrup,2023/07/01,2478.33,33
Beverie Moffet,New Zealand,Drinking Coco,2023/12/01,1269.56,497
Beverie Moffet,India,Eclairs,2023/09/06,11130.52,144
Kaine Padly,UK,Choco Coated Almonds,2023/03/08,8054.87,118
Dennison Crosswaite,New Zealand,Organic Choco Syrup,2023/04/01,420.30,224
Van Tuxwell,Australia,Baker's Choco Chips,2023/11/05,13624.31,33
Jehu Rudeforth,UK,Drinking Coco,2023/03/02,7624.67,422
Beverie Moffet,India,Manuka Honey Choco,2023/06/05,10168.32,159
Jehu Rudeforth,UK,85% Dark Bars,2023/07/07,5534.11,63
Kelci Walkden,UK,99% Dark & Pure,2023/12/08,3927.83,123
Oby Sorrel,Australia,50% Dark Bites,2023/06/05,733.08,147
Barr Faughny,USA,White Choc,2023/05/05,7900.52,175
Curtice Advani,New Zealand,85% Dark Bars,2023/12/05,5936.81,180
Wilone O'Kielt,India,After Nines,2023/04/08,12194.27,252
Gunar Cockshoot,Canada,Spicy Special Slims,2023/05/04,14887.76,12
Madelene Upcott,Canada,Peanut Butter Cubes,2023/05/07,15276.46,121
Curtice Advani,UK,Drinking Coco,2023/12/07,460.98,182
Roddy Speechley,Canada,Choco Coated Almonds,2023/11/05,5967.18,247
Oby Sorrel,Canada,Peanut Butter Cubes,2023/07/06,12397.06,179
Wilone O'Kielt,Canada,Smooth Sliky Salty,2023/02/06,5263.45,165
Rafaelita Blaksland,Canada,99% Dark & Pure,2023/02/03,5566.57,140
Van Tuxwell,Australia,70% Dark Bites,2023/10/01,8111.43,111
Roddy Speechley,Australia,85% Dark Bars,2023/08/07,4444.72,77
Oby Sorrel,India,Spicy Special Slims,2023/08/06,12531.37,86
Kaine Padly,Australia,After Nines,2023/08/04,7889.90,300
Wilone O'Kielt,Canada,Fruit & Nut Bars,2023/08/08,3589.18,176
Dennison Crosswaite,USA,Baker's Choco Chips,2023/11/08,18494.72,298
Van Tuxwell,New Zealand,50% Dark Bites,2023/11/07,4162.28,11
Karlen McCaffrey,Canada,Caramel Stuffed Bars,2023/02/03,3357.30,308
Rafaelita Blaksland,UK,Spicy Special Slims,2023/03/08,9896.80,143
Curtice Advani,UK,Peanut Butter Cubes,2023/01/03,15653.44,175
Husein Augar,India,Eclairs,2023/09/02,5465.85,56
Beverie Moffet,India,White Choc,2023/04/07,1994.44,299
Camilla Castle,USA,Eclairs,2023/10/06,5031.40,401
Gigi Bohling,Australia,Orange Choco,2023/09/03,596.63,158
Mallorie Waber,Canada,Caramel Stuffed Bars,2023/10/06,5194.28,547
Husein Augar,Australia,Organic Choco Syrup,2023/08/02,960.69,155
Brien Boise,UK,Caramel Stuffed Bars,2023/04/03,2882.76,145
Beverie Moffet,Canada,Drinking Coco,2023/05/07,1093.46,115
Mallorie Waber,Canada,Almond Choco,2023/12/05,4753.93,37
Oby Sorrel,USA,Drinking Coco,2023/11/03,8280.62,47
Brien Boise,New Zealand,Eclairs,2023/11/07,4981.78,299
Gunar Cockshoot,New Zealand,Choco Coated Almonds,2023/01/08,13998.33,60
Jehu Rudeforth,Canada,Manuka Honey Choco,2023/05/04,3669.15,209
Camilla Castle,Canada,Drinking Coco,2023/03/03,13555.26,279
Oby Sorrel,New Zealand,85% Dark Bars,2023/01/02,3432.30,452
Dotty Strutley,New Zealand,Orange Choco,2023/04/08,2283.39,155
Andria Kimpton,New Zealand,Almond Choco,2023/05/04,7190.49,165
Dotty Strutley,USA,Raspberry Choco,2023/03/01,3590.55,47
Oby Sorrel,USA,Spicy Special Slims,2023/07/02,6315.14,398
Mallorie Waber,Australia,Smooth Sliky Salty,2023/11/02,4454.71,117
Dennison Crosswaite,Australia,Baker's Choco Chips,2023/11/01,15870.43,449
Beverie Moffet,UK,50% Dark Bites,2023/09/02,2529.82,297
Van Tuxwell,UK,Almond Choco,2023/06/06,11258.39,217
Dotty Strutley,UK,Caramel Stuffed Bars,2023/10/08,6180.45,230
Wilone O'Kielt,Australia,Smooth Sliky Salty,2023/04/01,2496.06,45
Andria Kimpton,Canada,70% Dark Bites,2023/08/04,10964.29,16
Barr Faughny,UK,Milk Bars,2023/02/03,4012.51,409
Husein Augar,UK,After Nines,2023/05/07,3563.87,372
Barr Faughny,India,Mint Chip Choco,2023/12/01,8313.09,493
Curtice Advani,India,Mint Chip Choco,2023/03/03,8447.48,96
Curtice Advani,UK,Manuka Honey Choco,2023/07/02,1710.48,108
Kelci Walkden,Australia,Drinking Coco,2023/04/05,1355.65,60
Van Tuxwell,Canada,70% Dark Bites,2023/02/06,7911.23,74
Dennison Crosswaite,USA,Caramel Stuffed Bars,2023/11/07,2583.03,501
Beverie Moffet,New Zealand,Spicy Special Slims,2023/07/06,66.13,65
Jan Morforth,UK,Almond Choco,2023/06/07,10668.69,150
Camilla Castle,India,Drinking Coco,2023/08/08,492.13,164
Roddy Speechley,Australia,Organic Choco Syrup,2023/04/07,4111.42,81
Rafaelita Blaksland,Canada,Spicy Special Slims,2023/02/05,2883.71,163
Madelene Upcott,UK,Peanut Butter Cubes,2023/12/08,7916.13,84
Madelene Upcott,USA,Choco Coated Almonds,2023/07/06,6016.32,143
Marney O'Breen,Canada,Peanut Butter Cubes,2023/08/03,7504.86,97
Ches Bonnell,Australia,Choco Coated Almonds,2023/08/04,1590.98,182
Curtice Advani,Canada,Eclairs,2023/06/05,740.07,205
Camilla Castle,New Zealand,85% Dark Bars,2023/08/08,15372.54,57
Dennison Crosswaite,Canada,Drinking Coco,2023/10/01,2924.46,25
Mallorie Waber,New Zealand,After Nines,2023/04/05,501.79,241
Roddy Speechley,Canada,White Choc,2023/05/04,6594.09,270
Dotty Strutley,Australia,White Choc,2023/05/07,6067.94,94
Kaine Padly,Canada,Almond Choco,2023/12/08,6865.35,75
Jan Morforth,UK,Baker's Choco Chips,2023/11/03,805.23,259
Dennison Crosswaite,USA,Smooth Sliky Salty,2023/12/05,11823.35,90
Brien Boise,USA,Raspberry Choco,2023/12/01,683.63,202
Jehu Rudeforth,USA,White Choc,2023/07/06,6646.33,117
Jehu Rudeforth,UK,Mint Chip Choco,2024/04/01,6339.57,187
Van Tuxwell,India,85% Dark Bars,2024/01/08,9005.87,90
Gigi Bohling,India,Peanut Butter Cubes,2024/07/07,5159.07,87
Van Tuxwell,India,Smooth Sliky Salty,2024/06/06,6429.35,40
Brien Boise,Australia,99% Dark & Pure,2024/04/07,3356.17,111
Barr Faughny,USA,Orange Choco,2024/10/03,4244.36,11
Marney O'Breen,New Zealand,Peanut Butter Cubes,2024/03/08,8950.59,189
Roddy Speechley,USA,Smooth Sliky Salty,2024/05/04,3175.11,149
Curtice Advani,UK,85% Dark Bars,2024/08/06,1206.95,174
Roddy Speechley,Canada,Spicy Special Slims,2024/09/02,1800.27,191
Husein Augar,USA,Eclairs,2024/07/07,4449.37,113
Dennison Crosswaite,New Zealand,White Choc,2024/05/07,10113.40,155
Wilone O'Kielt,Australia,Manuka Honey Choco,2024/11/05,4799.54,90
Andria Kimpton,Canada,After Nines,2024/11/05,2321.97,71
Kelci Walkden,New Zealand,After Nines,2024/07/07,170.24,75
Karlen McCaffrey,India,Manuka Honey Choco,2024/04/07,2696.10,605
Kelci Walkden,USA,After Nines,2024/02/06,1083.76,16
Mallorie Waber,Canada,Choco Coated Almonds,2024/11/07,5706.43,247
Roddy Speechley,India,Eclairs,2024/10/06,4985.90,311
Curtice Advani,India,Fruit & Nut Bars,2024/07/07,5693.60,177
Brien Boise,Australia,Fruit & Nut Bars,2024/06/06,9771.93,22
Andria Kimpton,Australia,50% Dark Bites,2024/02/06,5220.19,216
Karlen McCaffrey,India,Almond Choco,2024/06/07,6580.43,147
Van Tuxwell,Australia,Organic Choco Syrup,2024/10/08,22943.37,14
Camilla Castle,India,50% Dark Bites,2024/04/07,10590.61,430
Oby Sorrel,India,Organic Choco Syrup,2024/08/07,6468.82,59
Gigi Bohling,USA,Choco Coated Almonds,2024/02/03,14154.35,105
Gigi Bohling,UK,Almond Choco,2024/10/01,6031.14,9
Jehu Rudeforth,New Zealand,White Choc,2024/11/03,3308.40,258
Camilla Castle,USA,Spicy Special Slims,2024/11/02,1413.64,261
Brien Boise,New Zealand,Mint Chip Choco,2024/01/08,71.41,188
Roddy Speechley,Canada,Organic Choco Syrup,2024/10/01,4790.71,86
Dennison Crosswaite,Australia,70% Dark Bites,2024/07/02,6166.80,114
Karlen McCaffrey,USA,Orange Choco,2024/12/05,11741.46,433
Madelene Upcott,Australia,Spicy Special Slims,2024/07/03,8519.77,443
Dennison Crosswaite,Australia,85% Dark Bars,2024/05/04,8278.86,453
Andria Kimpton,Canada,Caramel Stuffed Bars,2024/03/01,7560.62,336
Madelene Upcott,India,Raspberry Choco,2024/07/07,4758.69,10
Wilone O'Kielt,Australia,Organic Choco Syrup,2024/07/07,2003.05,110
Roddy Speechley,New Zealand,Orange Choco,2024/01/04,51.98,95
Husein Augar,USA,After Nines,2024/08/04,13999.05,179
Brien Boise,Canada,Spicy Special Slims,2024/04/03,8993.24,97
Karlen McCaffrey,New Zealand,70% Dark Bites,2024/02/08,150.42,40
Kelci Walkden,India,Orange Choco,2024/07/06,11315.16,134
Jan Morforth,India,Spicy Special Slims,2024/12/04,2048.34,506
Ches Bonnell,India,Spicy Special Slims,2024/06/07,12562.81,101
Madelene Upcott,Australia,Fruit & Nut Bars,2024/05/01,6105.60,90
Wilone O'Kielt,Australia,Drinking Coco,2024/06/04,663.74,285
Jan Morforth,India,Almond Choco,2024/11/03,5230.50,23
Marney O'Breen,New Zealand,After Nines,2024/09/03,1642.32,43
Kaine Padly,Australia,Manuka Honey Choco,2024/12/01,2996.99,280
Oby Sorrel,Canada,99% Dark & Pure,2024/01/08,4151.70,424
Roddy Speechley,India,Smooth Sliky Salty,2024/10/08,6014.30,141
Jan Morforth,India,Eclairs,2024/05/01,2788.60,27
Ches Bonnell,UK,Smooth Sliky Salty,2024/11/07,6503.75,116
Gigi Bohling,New Zealand,Fruit & Nut Bars,2024/04/04,12314.13,129
Barr Faughny,USA,Raspberry Choco,2024/12/04,9876.86,106
Wilone O'Kielt,New Zealand,85% Dark Bars,2024/02/08,2043.06,121
Ches Bonnell,Australia,Eclairs,2024/05/07,4906.57,128
Rafaelita Blaksland,New Zealand,Choco Coated Almonds,2024/07/06,2278.06,49
Brien Boise,Australia,Baker's Choco Chips,2024/04/01,14957.65,206
Oby Sorrel,India,Smooth Sliky Salty,2024/07/02,10901.65,116
Curtice Advani,Australia,Orange Choco,2024/12/07,917.35,140
Jehu Rudeforth,Canada,Smooth Sliky Salty,2024/11/07,6199.12,132
Andria Kimpton,USA,85% Dark Bars,2024/05/04,10527.23,82
Roddy Speechley,India,Peanut Butter Cubes,2024/11/02,10759.18,20
Roddy Speechley,New Zealand,Milk Bars,2024/02/03,6250.42,111
Ches Bonnell,Australia,White Choc,2024/02/03,1103.54,195
Kelci Walkden,India,After Nines,2024/07/01,1855.03,563
Brien Boise,UK,White Choc,2024/12/04,5799.09,169
Karlen McCaffrey,UK,Baker's Choco Chips,2024/07/02,5315.95,389
Marney O'Breen,India,Peanut Butter Cubes,2024/10/01,7803.84,157
Barr Faughny,Australia,White Choc,2024/04/07,9402.26,401
Kaine Padly,Canada,Peanut Butter Cubes,2024/04/07,3653.39,185
Dotty Strutley,USA,Manuka Honey Choco,2024/10/08,320.11,201
Dennison Crosswaite,Australia,50% Dark Bites,2024/01/04,7618.91,12
Camilla Castle,UK,White Choc,2024/03/01,11946.40,192
Dotty Strutley,UK,99% Dark & Pure,2024/03/01,10378.36,301
Husein Augar,UK,Choco Coated Almonds,2024/02/03,5057.10,41
Barr Faughny,Canada,Peanut Butter Cubes,2024/07/06,2206.28,79
Kaine Padly,USA,70% Dark Bites,2024/12/05,4672.25,103
Dennison Crosswaite,UK,White Choc,2024/03/08,8338.51,270
Rafaelita Blaksland,India,Spicy Special Slims,2024/04/01,8972.79,134
Karlen McCaffrey,Australia,White Choc,2024/05/01,8857.15,50
Gigi Bohling,USA,99% Dark & Pure,2024/02/06,906.85,246
Beverie Moffet,New Zealand,Baker's Choco Chips,2024/03/08,1517.05,147
Jan Morforth,Australia,Orange Choco,2024/04/07,3418.05,117
Jehu Rudeforth,India,50% Dark Bites,2024/05/07,4055.71,137
Ches Bonnell,Australia,70% Dark Bites,2024/12/01,3609.76,122
Marney O'Breen,UK,Baker's Choco Chips,2024/10/06,302.25,154
Husein Augar,USA,Milk Bars,2024/02/03,1031.25,55
Dotty Strutley,Australia,50% Dark Bites,2024/12/05,3321.90,247
Mallorie Waber,New Zealand,Organic Choco Syrup,2024/01/07,5318.00,281
Husein Augar,USA,85% Dark Bars,2024/08/08,415.67,59
Curtice Advani,India,70% Dark Bites,2024/05/07,2453.44,43
Mallorie Waber,USA,Manuka Honey Choco,2024/04/07,5910.67,100
Kaine Padly,New Zealand,Spicy Special Slims,2024/01/07,8755.31,38
Beverie Moffet,UK,Smooth Sliky Salty,2024/04/05,5119.35,77
Beverie Moffet,Australia,Baker's Choco Chips,2024/04/08,3360.74,119
Beverie Moffet,India,70% Dark Bites,2024/01/06,495.65,146
Kaine Padly,USA,50% Dark Bites,2024/03/08,77.10,26
Ches Bonnell,USA,Orange Choco,2024/10/06,1860.29,71
Marney O'Breen,Australia,Smooth Sliky Salty,2024/03/01,4059.92,179
Marney O'Breen,India,After Nines,2024/11/07,2816.85,188
Ches Bonnell,India,Organic Choco Syrup,2024/08/03,17903.70,107
Mallorie Waber,Australia,Orange Choco,2024/07/03,15825.08,284
Husein Augar,India,70% Dark Bites,2024/09/05,7745.33,164
Ches Bonnell,USA,70% Dark Bites,2024/11/05,4778.36,124
Dennison Crosswaite,New Zealand,Mint Chip Choco,2024/05/04,7121.02,433
Barr Faughny,UK,White Choc,2024/05/07,1959.22,70
Beverie Moffet,Canada,Baker's Choco Chips,2024/11/01,15305.32,91
Kelci Walkden,USA,White Choc,2024/07/03,11257.11,21
Kaine Padly,Canada,50% Dark Bites,2024/04/03,9207.09,109
Kaine Padly,UK,Peanut Butter Cubes,2024/11/05,7477.56,85
Ches Bonnell,India,Smooth Sliky Salty,2024/03/08,8503.93,19
Dennison Crosswaite,UK,Peanut Butter Cubes,2024/07/02,9771.87,158
Karlen McCaffrey,Australia,Almond Choco,2024/08/07,8130.06,140
Ches Bonnell,UK,Mint Chip Choco,2024/08/04,2984.40,214
Jan Morforth,India,Fruit & Nut Bars,2024/04/05,3387.76,60
Mallorie Waber,USA,85% Dark Bars,2024/11/05,2847.18,115
Dennison Crosswaite,Canada,Spicy Special Slims,2024/10/08,2711.58,216
Dennison Crosswaite,USA,Fruit & Nut Bars,2024/04/05,1673.44,314
Dotty Strutley,Canada,Raspberry Choco,2024/03/08,4722.39,258
Madelene Upcott,Australia,Choco Coated Almonds,2024/08/04,2442.36,78
Kelci Walkden,UK,Orange Choco,2024/01/08,4010.08,3
Ches Bonnell,Canada,Eclairs,2024/10/01,2048.58,170
Gigi Bohling,Australia,White Choc,2024/11/05,6267.19,83
Mallorie Waber,Australia,Almond Choco,2024/01/08,8273.83,130
Curtice Advani,UK,White Choc,2024/01/02,1634.54,70
Kelci Walkden,Australia,After Nines,2024/02/03,8265.41,298
Gigi Bohling,UK,Fruit & Nut Bars,2024/06/04,1448.10,92
Curtice Advani,USA,Spicy Special Slims,2024/11/07,1679.89,287
Oby Sorrel,New Zealand,Smooth Sliky Salty,2024/07/07,9261.26,65
Andria Kimpton,New Zealand,50% Dark Bites,2024/02/03,3741.19,222
Rafaelita Blaksland,USA,Baker's Choco Chips,2024/09/06,3083.39,55
Ches Bonnell,New Zealand,Peanut Butter Cubes,2024/04/03,1036.05,291
Kelci Walkden,Canada,Milk Bars,2024/07/07,17518.04,28
Curtice Advani,Canada,Fruit & Nut Bars,2024/04/04,4712.55,211
Kaine Padly,UK,Smooth Sliky Salty,2024/08/06,9571.30,594
Karlen McCaffrey,Canada,Spicy Special Slims,2024/02/08,6779.99,46
Camilla Castle,Australia,Caramel Stuffed Bars,2024/02/05,3538.27,16
Curtice Advani,Australia,99% Dark & Pure,2024/07/01,5196.97,87
Van Tuxwell,UK,Drinking Coco,2024/04/04,6397.05,136
Karlen McCaffrey,New Zealand,Fruit & Nut Bars,2024/07/02,1435.27,138
Dennison Crosswaite,New Zealand,Drinking Coco,2024/11/01,4324.48,202
Dotty Strutley,Australia,Mint Chip Choco,2024/01/08,7571.51,26
Roddy Speechley,Australia,Mint Chip Choco,2024/05/05,7189.76,262
Dotty Strutley,New Zealand,Choco Coated Almonds,2024/04/01,6524.65,369
Roddy Speechley,New Zealand,50% Dark Bites,2024/09/05,4624.45,212
Rafaelita Blaksland,India,Smooth Sliky Salty,2024/06/05,1961.82,80
Kaine Padly,India,Milk Bars,2024/02/05,3168.11,93
Jan Morforth,India,Peanut Butter Cubes,2024/04/01,8813.58,182
Husein Augar,Australia,Eclairs,2024/04/07,7914.74,31
Mallorie Waber,UK,Milk Bars,2024/10/01,3951.74,287
Marney O'Breen,Canada,Milk Bars,2024/08/02,2672.67,317
Gunar Cockshoot,USA,Eclairs,2024/03/05,7301.31,42
Gunar Cockshoot,India,50% Dark Bites,2024/09/08,13731.44,82
Wilone O'Kielt,New Zealand,Manuka Honey Choco,2024/11/07,4051.88,253
Dennison Crosswaite,Australia,Organic Choco Syrup,2024/10/05,6885.01,40
Van Tuxwell,UK,85% Dark Bars,2024/11/07,4179.91,140
Marney O'Breen,Canada,Spicy Special Slims,2024/03/01,3939.95,365
Karlen McCaffrey,New Zealand,Eclairs,2024/06/05,2817.14,191
Marney O'Breen,UK,Orange Choco,2024/06/06,13072.74,11
Brien Boise,New Zealand,Baker's Choco Chips,2024/12/07,6790.41,26
Ches Bonnell,Canada,Spicy Special Slims,2024/05/08,6092.47,201
Madelene Upcott,UK,Smooth Sliky Salty,2024/04/03,16733.76,88
Oby Sorrel,New Zealand,White Choc,2024/10/06,4822.33,42
Andria Kimpton,New Zealand,Organic Choco Syrup,2024/04/03,5616.01,43
Roddy Speechley,Canada,Orange Choco,2024/09/02,9460.50,84
Madelene Upcott,New Zealand,Caramel Stuffed Bars,2024/01/02,4005.08,150
Mallorie Waber,India,Drinking Coco,2024/07/03,4650.58,143
Ches Bonnell,UK,White Choc,2024/03/01,3814.56,220
Ches Bonnell,USA,White Choc,2024/11/02,6321.35,325
Gigi Bohling,India,Manuka Honey Choco,2024/12/05,5932.12,79
Van Tuxwell,India,Spicy Special Slims,2024/11/04,6811.55,4
Rafaelita Blaksland,Canada,Caramel Stuffed Bars,2024/01/08,7951.43,109
Dennison Crosswaite,USA,Drinking Coco,2024/10/05,2399.02,149
Gunar Cockshoot,Canada,Mint Chip Choco,2024/01/07,8936.91,442
Curtice Advani,Canada,Smooth Sliky Salty,2024/01/08,2901.91,12
Camilla Castle,Australia,Smooth Sliky Salty,2024/03/03,8263.11,129
Andria Kimpton,Canada,Organic Choco Syrup,2024/04/01,9479.63,217
Curtice Advani,New Zealand,Spicy Special Slims,2024/10/01,4651.03,494
Madelene Upcott,USA,White Choc,2024/04/05,14360.42,218
Oby Sorrel,Canada,Organic Choco Syrup,2024/05/07,1392.99,70
Kelci Walkden,USA,Orange Choco,2024/03/02,1539.14,143
Gigi Bohling,Australia,Caramel Stuffed Bars,2024/08/07,9117.77,154
Dennison Crosswaite,Canada,85% Dark Bars,2024/01/08,11719.06,87
Curtice Advani,UK,50% Dark Bites,2024/08/03,3572.26,156
Gunar Cockshoot,USA,Fruit & Nut Bars,2024/09/03,6937.75,94
Karlen McCaffrey,Canada,Peanut Butter Cubes,2024/12/08,3691.60,154
Barr Faughny,UK,Mint Chip Choco,2024/07/07,3950.65,324
Jan Morforth,Australia,70% Dark Bites,2024/04/03,6310.98,366
Kaine Padly,USA,Organic Choco Syrup,2024/11/03,2518.50,24
Jehu Rudeforth,USA,Smooth Sliky Salty,2024/07/07,7900.11,168
Karlen McCaffrey,Canada,Raspberry Choco,2024/09/05,773.70,217
Kaine Padly,Australia,70% Dark Bites,2024/08/02,7852.03,240
Mallorie Waber,Canada,Manuka Honey Choco,2024/07/03,1540.11,117
Madelene Upcott,Australia,Mint Chip Choco,2024/02/05,3072.89,166
Curtice Advani,Canada,99% Dark & Pure,2024/07/07,14990.79,7
Karlen McCaffrey,Australia,After Nines,2024/11/08,2528.14,67
Gunar Cockshoot,Australia,50% Dark Bites,2024/02/03,13072.95,119
Kelci Walkden,New Zealand,Drinking Coco,2024/10/03,18385.44,116
Dennison Crosswaite,UK,Milk Bars,2024/07/03,11963.91,446
Wilone O'Kielt,UK,Organic Choco Syrup,2024/12/07,5574.83,52
Gunar Cockshoot,India,Smooth Sliky Salty,2024/02/03,4133.74,69
Marney O'Breen,UK,Manuka Honey Choco,2024/10/06,11735.75,185
Beverie Moffet,New Zealand,Mint Chip Choco,2024/09/06,4994.93,98
Dennison Crosswaite,USA,Milk Bars,2024/12/05,890.78,62
Gunar Cockshoot,USA,Drinking Coco,2024/09/05,4142.16,5
Brien Boise,Canada,Manuka Honey Choco,2024/09/08,7308.24,178
Andria Kimpton,USA,Caramel Stuffed Bars,2024/02/05,8878.27,47
Dotty Strutley,USA,99% Dark & Pure,2024/09/08,4134.93,307
Karlen McCaffrey,USA,Manuka Honey Choco,2024/01/02,11815.59,68
Jan Morforth,Canada,Mint Chip Choco,2024/01/04,1200.19,224
Jan Morforth,India,Choco Coated Almonds,2024/12/08,2987.81,136
Gigi Bohling,Canada,Almond Choco,2024/01/02,11705.99,47
Rafaelita Blaksland,India,After Nines,2024/02/03,5256.03,201
Brien Boise,USA,Milk Bars,2024/07/07,16001.54,133
Beverie Moffet,UK,99% Dark & Pure,2024/10/08,3821.76,122
Mallorie Waber,Canada,White Choc,2024/03/03,3799.50,71
Oby Sorrel,USA,Smooth Sliky Salty,2024/04/03,4011.83,169
Dennison Crosswaite,India,Smooth Sliky Salty,2024/07/07,3429.85,9
Jan Morforth,Canada,Caramel Stuffed Bars,2024/02/08,10049.72,118
Oby Sorrel,USA,Baker's Choco Chips,2024/12/08,8485.10,120
Marney O'Breen,Australia,Manuka Honey Choco,2024/05/04,15245.95,233
Gunar Cockshoot,UK,99% Dark & Pure,2024/07/03,8.16,84
Beverie Moffet,UK,Choco Coated Almonds,2024/04/03,3303.13,73
Kaine Padly,Australia,Milk Bars,2024/09/06,4251.42,91
Jan Morforth,India,Smooth Sliky Salty,2024/03/08,12864.47,93
Rafaelita Blaksland,Australia,Manuka Honey Choco,2024/03/08,5245.60,144
Jehu Rudeforth,UK,Milk Bars,2024/03/05,14345.50,219
Roddy Speechley,USA,50% Dark Bites,2024/11/02,11667.94,306
Gigi Bohling,Canada,Spicy Special Slims,2024/04/07,13644.00,281
Andria Kimpton,UK,Milk Bars,2024/11/02,17101.67,307
Gunar Cockshoot,New Zealand,Almond Choco,2024/05/01,6015.37,136
Jehu Rudeforth,USA,99% Dark & Pure,2024/04/01,2996.83,227
Gigi Bohling,Canada,Milk Bars,2024/10/02,3523.33,114
Dotty Strutley,India,Spicy Special Slims,2024/12/08,1092.36,209
Gunar Cockshoot,USA,Organic Choco Syrup,2024/10/08,2495.71,310
Kelci Walkden,Australia,Raspberry Choco,2024/07/06,813.41,58
Jehu Rudeforth,India,Baker's Choco Chips,2024/06/06,2489.06,81
Karlen McCaffrey,New Zealand,Baker's Choco Chips,2024/05/04,5701.35,201
Oby Sorrel,New Zealand,Milk Bars,2024/12/01,5074.86,201
Kelci Walkden,India,Smooth Sliky Salty,2024/01/02,2797.19,9
Kelci Walkden,Canada,Peanut Butter Cubes,2024/08/04,8041.25,43
Gigi Bohling,Canada,Drinking Coco,2024/06/07,3716.17,89
Husein Augar,India,Fruit & Nut Bars,2024/04/04,4591.77,222
Jan Morforth,New Zealand,Organic Choco Syrup,2024/02/03,1928.33,217
Gigi Bohling,New Zealand,Raspberry Choco,2024/09/08,1225.12,186
Dennison Crosswaite,Australia,Milk Bars,2024/09/06,11326.55,296
Ches Bonnell,UK,Caramel Stuffed Bars,2024/02/06,3063.08,301
Van Tuxwell,USA,Fruit & Nut Bars,2024/05/07,7093.33,233
Andria Kimpton,Canada,Eclairs,2024/11/08,337.37,120
Madelene Upcott,India,Choco Coated Almonds,2024/11/02,3764.59,158
Kelci Walkden,New Zealand,Spicy Special Slims,2024/11/08,695.32,68
Roddy Speechley,Australia,Drinking Coco,2024/12/05,14609.99,111
Madelene Upcott,UK,Fruit & Nut Bars,2024/05/01,9099.26,199
Gunar Cockshoot,India,Mint Chip Choco,2024/08/08,4737.32,74
Barr Faughny,India,Caramel Stuffed Bars,2024/04/01,7912.62,106
Barr Faughny,USA,Almond Choco,2024/03/02,434.42,83
Madelene Upcott,Australia,Organic Choco Syrup,2024/05/07,12094.34,52
Gunar Cockshoot,Canada,After Nines,2024/04/08,3038.32,220
Beverie Moffet,USA,White Choc,2024/11/03,5964.72,136
Gunar Cockshoot,Canada,50% Dark Bites,2024/04/01,3615.98,24
Curtice Advani,India,Milk Bars,2024/05/04,3658.27,210
Husein Augar,Australia,White Choc,2024/11/05,3618.67,213
Jan Morforth,New Zealand,Orange Choco,2024/11/02,1382.49,86
Andria Kimpton,Canada,Smooth Sliky Salty,2024/08/07,1223.79,81
Gunar Cockshoot,UK,Raspberry Choco,2024/11/08,8043.29,344
Husein Augar,New Zealand,After Nines,2024/04/08,6878.47,7
Andria Kimpton,UK,Caramel Stuffed Bars,2024/07/06,8959.38,271
Gunar Cockshoot,New Zealand,After Nines,2024/09/08,7605.55,154
Kaine Padly,Canada,85% Dark Bars,2024/06/04,1859.96,33
Curtice Advani,USA,Drinking Coco,2024/07/02,6170.75,149
Brien Boise,Australia,Spicy Special Slims,2024/09/05,6867.13,273
Mallorie Waber,New Zealand,85% Dark Bars,2024/06/06,8775.45,113
Wilone O'Kielt,USA,Choco Coated Almonds,2024/06/06,10422.84,6
Jehu Rudeforth,New Zealand,85% Dark Bars,2024/11/03,8077.51,95
Kelci Walkden,New Zealand,Smooth Sliky Salty,2024/11/03,12265.45,268
Roddy Speechley,Canada,Smooth Sliky Salty,2024/07/03,10712.76,11
Curtice Advani,New Zealand,After Nines,2024/05/04,8416.80,29
Camilla Castle,India,85% Dark Bars,2024/04/05,9986.05,54
Ches Bonnell,USA,Choco Coated Almonds,2024/04/01,15629.82,89
Wilone O'Kielt,New Zealand,Fruit & Nut Bars,2024/11/07,7736.85,95
Rafaelita Blaksland,Canada,Drinking Coco,2024/12/07,10772.00,192
Jan Morforth,India,Caramel Stuffed Bars,2024/04/07,99.50,161
Andria Kimpton,UK,White Choc,2024/12/05,10203.47,109
Camilla Castle,New Zealand,Raspberry Choco,2024/04/04,5081.52,148
Roddy Speechley,Canada,Eclairs,2024/08/03,7026.54,95
Ches Bonnell,India,Choco Coated Almonds,2024/05/04,10969.00,83
Wilone O'Kielt,Australia,50% Dark Bites,2024/03/08,11000.85,112
Gigi Bohling,Canada,White Choc,2024/11/07,6987.59,4
Wilone O'Kielt,New Zealand,Eclairs,2024/11/03,3735.00,21
Brien Boise,UK,Peanut Butter Cubes,2024/10/01,17346.79,32
Roddy Speechley,UK,Baker's Choco Chips,2024/04/04,16517.20,349
Marney O'Breen,New Zealand,Organic Choco Syrup,2024/08/07,10337.23,49
Jan Morforth,UK,Organic Choco Syrup,2024/12/04,1367.24,384
Ches Bonnell,UK,Choco Coated Almonds,2024/07/06,2012.27,259
Dennison Crosswaite,Canada,Mint Chip Choco,2024/08/04,1914.65,304
Beverie Moffet,Canada,Orange Choco,2024/10/05,9321.64,111
Van Tuxwell,Canada,50% Dark Bites,2024/12/05,14581.33,58
Rafaelita Blaksland,New Zealand,Eclairs,2024/07/02,20690.20,51
Jan Morforth,India,Baker's Choco Chips,2024/01/08,15497.27,85
Gunar Cockshoot,New Zealand,Fruit & Nut Bars,2024/10/06,9759.53,424
Kelci Walkden,New Zealand,Manuka Honey Choco,2024/08/04,1527.99,107
Dotty Strutley,Australia,Baker's Choco Chips,2024/07/06,3767.49,65
Barr Faughny,Australia,85% Dark Bars,2024/10/02,9452.18,42
Camilla Castle,India,99% Dark & Pure,2024/02/08,227.55,225
Mallorie Waber,New Zealand,Orange Choco,2024/01/02,7459.88,23
Gigi Bohling,USA,Peanut Butter Cubes,2024/09/05,323.29,72
Curtice Advani,India,White Choc,2024/04/07,7666.62,347
Oby Sorrel,New Zealand,Spicy Special Slims,2024/03/06,1826.32,13
Dotty Strutley,New Zealand,99% Dark & Pure,2024/09/05,12263.85,223
Kelci Walkden,India,70% Dark Bites,2024/06/06,3878.60,108
Kelci Walkden,India,Drinking Coco,2024/04/07,8328.52,238
Brien Boise,New Zealand,Drinking Coco,2024/06/06,1666.46,98
Gigi Bohling,New Zealand,Smooth Sliky Salty,2024/10/01,787.38,95
Oby Sorrel,UK,Raspberry Choco,2024/08/04,5477.33,341
Mallorie Waber,India,Raspberry Choco,2024/02/03,1676.82,2
Curtice Advani,Australia,After Nines,2024/11/08,71.99,101
Ches Bonnell,New Zealand,Eclairs,2024/04/04,564.14,50
Brien Boise,India,85% Dark Bars,2024/09/08,21044.07,210
Barr Faughny,Canada,Organic Choco Syrup,2024/10/03,1312.35,200
Van Tuxwell,New Zealand,Eclairs,2024/01/03,5774.60,178
Oby Sorrel,UK,Milk Bars,2024/11/07,6831.03,243
Karlen McCaffrey,New Zealand,Mint Chip Choco,2024/02/03,4834.51,63
Jehu Rudeforth,USA,Raspberry Choco,2024/04/03,8119.65,143
Barr Faughny,Canada,Baker's Choco Chips,2024/03/02,12279.35,162
Gunar Cockshoot,India,Organic Choco Syrup,2024/03/06,8665.99,162
Mallorie Waber,India,Eclairs,2024/12/04,11720.11,48
Karlen McCaffrey,UK,50% Dark Bites,2024/06/04,3857.88,303
Kaine Padly,Australia,50% Dark Bites,2024/02/08,10123.96,84
Gigi Bohling,Australia,Eclairs,2024/12/04,8170.88,137
Husein Augar,India,Peanut Butter Cubes,2024/09/05,5188.18,5
Andria Kimpton,Australia,Baker's Choco Chips,2024/09/08,350.27,117
Karlen McCaffrey,Canada,Fruit & Nut Bars,2024/02/06,241.36,17
Dotty Strutley,New Zealand,Raspberry Choco,2024/10/02,6291.74,88
Madelene Upcott,Australia,99% Dark & Pure,2024/01/08,4911.08,163
Jan Morforth,UK,Caramel Stuffed Bars,2024/02/08,3541.73,494
Oby Sorrel,India,85% Dark Bars,2024/05/07,9928.42,130
Kaine Padly,New Zealand,Smooth Sliky Salty,2024/12/04,7.67,548
Jan Morforth,UK,50% Dark Bites,2024/12/01,6301.56,287
Gunar Cockshoot,Canada,White Choc,2024/11/08,8578.40,15
Rafaelita Blaksland,New Zealand,After Nines,2024/07/07,1245.91,90
Madelene Upcott,New Zealand,Mint Chip Choco,2024/11/03,8888.61,4
Barr Faughny,Australia,Organic Choco Syrup,2024/07/01,2620.66,34
Beverie Moffet,New Zealand,Drinking Coco,2024/12/01,1284.37,560
Beverie Moffet,India,Eclairs,2024/09/06,11033.61,155
Kaine Padly,UK,Choco Coated Almonds,2024/03/08,9412.06,123
Dennison Crosswaite,New Zealand,Organic Choco Syrup,2024/04/01,427.36,249
Van Tuxwell,Australia,Baker's Choco Chips,2024/11/05,14122.44,32
Jehu Rudeforth,UK,Drinking Coco,2024/03/02,7865.93,436
Beverie Moffet,India,Manuka Honey Choco,2024/06/05,11462.32,172
Jehu Rudeforth,UK,85% Dark Bars,2024/07/07,6569.40,66
Kelci Walkden,UK,99% Dark & Pure,2024/12/08,3672.65,124
Oby Sorrel,Australia,50% Dark Bites,2024/06/05,813.58,163
Barr Faughny,USA,White Choc,2024/05/05,8523.42,171
Curtice Advani,New Zealand,85% Dark Bars,2024/12/05,5798.43,206
Wilone O'Kielt,India,After Nines,2024/04/08,13808.46,270
Gunar Cockshoot,Canada,Spicy Special Slims,2024/05/04,14603.41,12
Madelene Upcott,Canada,Peanut Butter Cubes,2024/05/07,17813.77,120
Curtice Advani,UK,Drinking Coco,2024/12/07,494.27,186
Roddy Speechley,Canada,Choco Coated Almonds,2024/11/05,6841.28,237
Oby Sorrel,Canada,Peanut Butter Cubes,2024/07/06,14291.30,179
Wilone O'Kielt,Canada,Smooth Sliky Salty,2024/02/06,5594.84,174
Rafaelita Blaksland,Canada,99% Dark & Pure,2024/02/03,5545.62,139
Van Tuxwell,Australia,70% Dark Bites,2024/10/01,8260.58,108
Roddy Speechley,Australia,85% Dark Bars,2024/08/07,4590.00,78
Oby Sorrel,India,Spicy Special Slims,2024/08/06,13189.14,95
Kaine Padly,Australia,After Nines,2024/08/04,7962.71,293
Wilone O'Kielt,Canada,Fruit & Nut Bars,2024/08/08,3665.13,191
Dennison Crosswaite,USA,Baker's Choco Chips,2024/11/08,18481.73,295
Van Tuxwell,New Zealand,50% Dark Bites,2024/11/07,4332.41,10
Karlen McCaffrey,Canada,Caramel Stuffed Bars,2024/02/03,3653.33,327
Rafaelita Blaksland,UK,Spicy Special Slims,2024/03/08,10001.95,132
Curtice Advani,UK,Peanut Butter Cubes,2024/01/03,16460.65,171
Husein Augar,India,Eclairs,2024/09/02,5596.93,62
Beverie Moffet,India,White Choc,2024/04/07,1900.09,297
Camilla Castle,USA,Eclairs,2024/10/06,4879.55,427
Gigi Bohling,Australia,Orange Choco,2024/09/03,676.29,158
Mallorie Waber,Canada,Caramel Stuffed Bars,2024/10/06,5093.92,524
Husein Augar,Australia,Organic Choco Syrup,2024/08/02,1018.80,157
Brien Boise,UK,Caramel Stuffed Bars,2024/04/03,3106.11,159
Beverie Moffet,Canada,Drinking Coco,2024/05/07,1172.53,124
Mallorie Waber,Canada,Almond Choco,2024/12/05,4871.07,33
Oby Sorrel,USA,Drinking Coco,2024/11/03,9306.64,48
Brien Boise,New Zealand,Eclairs,2024/11/07,5270.33,323
Gunar Cockshoot,New Zealand,Choco Coated Almonds,2024/01/08,14722.35,61
Jehu Rudeforth,Canada,Manuka Honey Choco,2024/05/04,3867.62,214
Camilla Castle,Canada,Drinking Coco,2024/03/03,13524.05,253
Oby Sorrel,New Zealand,85% Dark Bars,2024/01/02,4040.65,423
Dotty Strutley,New Zealand,Orange Choco,2024/04/08,2204.17,145
Andria Kimpton,New Zealand,Almond Choco,2024/05/04,7037.21,172
Dotty Strutley,USA,Raspberry Choco,2024/03/01,3762.58,49
Oby Sorrel,USA,Spicy Special Slims,2024/07/02,6660.69,418
Mallorie Waber,Australia,Smooth Sliky Salty,2024/11/02,4786.05,107
Dennison Crosswaite,Australia,Baker's Choco Chips,2024/11/01,16435.38,425
Beverie Moffet,UK,50% Dark Bites,2024/09/02,2922.18,289
Van Tuxwell,UK,Almond Choco,2024/06/06,12123.84,222
Dotty Strutley,UK,Caramel Stuffed Bars,2024/10/08,6448.87,244
Wilone O'Kielt,Australia,Smooth Sliky Salty,2024/04/01,2587.61,44
Andria Kimpton,Canada,70% Dark Bites,2024/08/04,12109.00,16
Barr Faughny,UK,Milk Bars,2024/02/03,4482.33,467
Husein Augar,UK,After Nines,2024/05/07,3707.27,392
Barr Faughny,India,Mint Chip Choco,2024/12/01,7899.01,461
Curtice Advani,India,Mint Chip Choco,2024/03/03,9813.42,100
Curtice Advani,UK,Manuka Honey Choco,2024/07/02,1969.62,114
Kelci Walkden,Australia,Drinking Coco,2024/04/05,1370.19,58
Van Tuxwell,Canada,70% Dark Bites,2024/02/06,7731.47,77
Dennison Crosswaite,USA,Caramel Stuffed Bars,2024/11/07,2757.16,463
Beverie Moffet,New Zealand,Spicy Special Slims,2024/07/06,70.19,63
Jan Morforth,UK,Almond Choco,2024/06/07,10817.45,151
Camilla Castle,India,Drinking Coco,2024/08/08,503.52,167
Roddy Speechley,Australia,Organic Choco Syrup,2024/04/07,4375.45,79
Rafaelita Blaksland,Canada,Spicy Special Slims,2024/02/05,2702.08,164
Madelene Upcott,UK,Peanut Butter Cubes,2024/12/08,8698.47,89
Madelene Upcott,USA,Choco Coated Almonds,2024/07/06,6025.60,137
Marney O'Breen,Canada,Peanut Butter Cubes,2024/08/03,7032.54,87
Ches Bonnell,Australia,Choco Coated Almonds,2024/08/04,1572.79,176
Curtice Advani,Canada,Eclairs,2024/06/05,857.34,197
Camilla Castle,New Zealand,85% Dark Bars,2024/08/08,17841.92,53
Dennison Crosswaite,Canada,Drinking Coco,2024/10/01,3010.07,24
Mallorie Waber,New Zealand,After Nines,2024/04/05,567.91,225
Roddy Speechley,Canada,White Choc,2024/05/04,6948.79,292
Dotty Strutley,Australia,White Choc,2024/05/07,6969.38,102
Kaine Padly,Canada,Almond Choco,2024/12/08,7220.35,71
Jan Morforth,UK,Baker's Choco Chips,2024/11/03,783.35,273
Dennison Crosswaite,USA,Smooth Sliky Salty,2024/12/05,12755.99,99
Brien Boise,USA,Raspberry Choco,2024/12/01,807.26,198
Jehu Rudeforth,USA,White Choc,2024/07/06,7339.32,121
